timestamp_unix,timestamp_iso,participant_full_id,eda_scl_usiemens,missing_value_reason
1687305600000,2023-06-21T00:00:00Z,451-1-1-01,,device_not_worn_correctly
1687305660000,2023-06-21T00:01:00Z,451-1-1-01,,device_not_worn_correctly
1687305720000,2023-06-21T00:02:00Z,451-1-1-01,,device_not_worn_correctly
1687305780000,2023-06-21T00:03:00Z,451-1-1-01,,device_not_worn_correctly
1687305840000,2023-06-21T00:04:00Z,451-1-1-01,,device_not_worn_correctly
1687305900000,2023-06-21T00:05:00Z,451-1-1-01,,device_not_worn_correctly
1687305960000,2023-06-21T00:06:00Z,451-1-1-01,,device_not_worn_correctly
1687306020000,2023-06-21T00:07:00Z,451-1-1-01,,device_not_worn_correctly
1687306080000,2023-06-21T00:08:00Z,451-1-1-01,,device_not_worn_correctly
1687306140000,2023-06-21T00:09:00Z,451-1-1-01,,device_not_worn_correctly
1687306200000,2023-06-21T00:10:00Z,451-1-1-01,,device_not_worn_correctly
1687306260000,2023-06-21T00:11:00Z,451-1-1-01,,device_not_worn_correctly
1687306320000,2023-06-21T00:12:00Z,451-1-1-01,,device_not_worn_correctly
1687306380000,2023-06-21T00:13:00Z,451-1-1-01,,device_not_worn_correctly
1687306440000,2023-06-21T00:14:00Z,451-1-1-01,,device_not_worn_correctly
1687306500000,2023-06-21T00:15:00Z,451-1-1-01,,device_not_worn_correctly
1687306560000,2023-06-21T00:16:00Z,451-1-1-01,,device_not_worn_correctly
1687306620000,2023-06-21T00:17:00Z,451-1-1-01,,device_not_worn_correctly
1687306680000,2023-06-21T00:18:00Z,451-1-1-01,,device_not_worn_correctly
1687306740000,2023-06-21T00:19:00Z,451-1-1-01,,device_not_worn_correctly
1687306800000,2023-06-21T00:20:00Z,451-1-1-01,,device_not_worn_correctly
1687306860000,2023-06-21T00:21:00Z,451-1-1-01,,device_not_worn_correctly
1687306920000,2023-06-21T00:22:00Z,451-1-1-01,,device_not_worn_correctly
1687306980000,2023-06-21T00:23:00Z,451-1-1-01,,device_not_worn_correctly
1687307040000,2023-06-21T00:24:00Z,451-1-1-01,,device_not_worn_correctly
1687307100000,2023-06-21T00:25:00Z,451-1-1-01,,device_not_worn_correctly
1687307160000,2023-06-21T00:26:00Z,451-1-1-01,,device_not_worn_correctly
1687307220000,2023-06-21T00:27:00Z,451-1-1-01,,device_not_worn_correctly
1687307280000,2023-06-21T00:28:00Z,451-1-1-01,,device_not_worn_correctly
1687307340000,2023-06-21T00:29:00Z,451-1-1-01,,device_not_worn_correctly
1687307400000,2023-06-21T00:30:00Z,451-1-1-01,,device_not_worn_correctly
1687307460000,2023-06-21T00:31:00Z,451-1-1-01,,device_not_worn_correctly
1687307520000,2023-06-21T00:32:00Z,451-1-1-01,,device_not_worn_correctly
1687307580000,2023-06-21T00:33:00Z,451-1-1-01,,device_not_worn_correctly
1687307640000,2023-06-21T00:34:00Z,451-1-1-01,,device_not_worn_correctly
1687307700000,2023-06-21T00:35:00Z,451-1-1-01,,device_not_worn_correctly
1687307760000,2023-06-21T00:36:00Z,451-1-1-01,,device_not_worn_correctly
1687307820000,2023-06-21T00:37:00Z,451-1-1-01,,device_not_worn_correctly
1687307880000,2023-06-21T00:38:00Z,451-1-1-01,,device_not_worn_correctly
1687307940000,2023-06-21T00:39:00Z,451-1-1-01,,device_not_worn_correctly
1687308000000,2023-06-21T00:40:00Z,451-1-1-01,,device_not_worn_correctly
1687308060000,2023-06-21T00:41:00Z,451-1-1-01,,device_not_worn_correctly
1687308120000,2023-06-21T00:42:00Z,451-1-1-01,,device_not_worn_correctly
1687308180000,2023-06-21T00:43:00Z,451-1-1-01,,device_not_worn_correctly
1687308240000,2023-06-21T00:44:00Z,451-1-1-01,,device_not_worn_correctly
1687308300000,2023-06-21T00:45:00Z,451-1-1-01,,device_not_worn_correctly
1687308360000,2023-06-21T00:46:00Z,451-1-1-01,,device_not_worn_correctly
1687308420000,2023-06-21T00:47:00Z,451-1-1-01,,device_not_worn_correctly
1687308480000,2023-06-21T00:48:00Z,451-1-1-01,,device_not_worn_correctly
1687308540000,2023-06-21T00:49:00Z,451-1-1-01,,device_not_worn_correctly
1687308600000,2023-06-21T00:50:00Z,451-1-1-01,,device_not_worn_correctly
1687308660000,2023-06-21T00:51:00Z,451-1-1-01,,device_not_worn_correctly
1687308720000,2023-06-21T00:52:00Z,451-1-1-01,,device_not_worn_correctly
1687308780000,2023-06-21T00:53:00Z,451-1-1-01,,device_not_worn_correctly
1687308840000,2023-06-21T00:54:00Z,451-1-1-01,,device_not_worn_correctly
1687308900000,2023-06-21T00:55:00Z,451-1-1-01,,device_not_worn_correctly
1687308960000,2023-06-21T00:56:00Z,451-1-1-01,,device_not_worn_correctly
1687309020000,2023-06-21T00:57:00Z,451-1-1-01,,device_not_worn_correctly
1687309080000,2023-06-21T00:58:00Z,451-1-1-01,,device_not_worn_correctly
1687309140000,2023-06-21T00:59:00Z,451-1-1-01,,device_not_worn_correctly
1687309200000,2023-06-21T01:00:00Z,451-1-1-01,,device_not_worn_correctly
1687309260000,2023-06-21T01:01:00Z,451-1-1-01,,device_not_worn_correctly
1687309320000,2023-06-21T01:02:00Z,451-1-1-01,,device_not_worn_correctly
1687309380000,2023-06-21T01:03:00Z,451-1-1-01,,device_not_worn_correctly
1687309440000,2023-06-21T01:04:00Z,451-1-1-01,,device_not_worn_correctly
1687309500000,2023-06-21T01:05:00Z,451-1-1-01,,device_not_worn_correctly
1687309560000,2023-06-21T01:06:00Z,451-1-1-01,,device_not_worn_correctly
1687309620000,2023-06-21T01:07:00Z,451-1-1-01,,device_not_worn_correctly
1687309680000,2023-06-21T01:08:00Z,451-1-1-01,,device_not_worn_correctly
1687309740000,2023-06-21T01:09:00Z,451-1-1-01,,device_not_worn_correctly
1687309800000,2023-06-21T01:10:00Z,451-1-1-01,,device_not_worn_correctly
1687309860000,2023-06-21T01:11:00Z,451-1-1-01,,device_not_worn_correctly
1687309920000,2023-06-21T01:12:00Z,451-1-1-01,,device_not_worn_correctly
1687309980000,2023-06-21T01:13:00Z,451-1-1-01,,device_not_worn_correctly
1687310040000,2023-06-21T01:14:00Z,451-1-1-01,,device_not_worn_correctly
1687310100000,2023-06-21T01:15:00Z,451-1-1-01,,device_not_worn_correctly
1687310160000,2023-06-21T01:16:00Z,451-1-1-01,,device_not_worn_correctly
1687310220000,2023-06-21T01:17:00Z,451-1-1-01,,device_not_worn_correctly
1687310280000,2023-06-21T01:18:00Z,451-1-1-01,,device_not_worn_correctly
1687310340000,2023-06-21T01:19:00Z,451-1-1-01,,device_not_worn_correctly
1687310400000,2023-06-21T01:20:00Z,451-1-1-01,,device_not_worn_correctly
1687310460000,2023-06-21T01:21:00Z,451-1-1-01,,device_not_worn_correctly
1687310520000,2023-06-21T01:22:00Z,451-1-1-01,,device_not_worn_correctly
1687310580000,2023-06-21T01:23:00Z,451-1-1-01,,device_not_worn_correctly
1687310640000,2023-06-21T01:24:00Z,451-1-1-01,,device_not_worn_correctly
1687310700000,2023-06-21T01:25:00Z,451-1-1-01,,device_not_worn_correctly
1687310760000,2023-06-21T01:26:00Z,451-1-1-01,,device_not_worn_correctly
1687310820000,2023-06-21T01:27:00Z,451-1-1-01,,device_not_worn_correctly
1687310880000,2023-06-21T01:28:00Z,451-1-1-01,,device_not_worn_correctly
1687310940000,2023-06-21T01:29:00Z,451-1-1-01,,device_not_worn_correctly
1687311000000,2023-06-21T01:30:00Z,451-1-1-01,,device_not_worn_correctly
1687311060000,2023-06-21T01:31:00Z,451-1-1-01,,device_not_worn_correctly
1687311120000,2023-06-21T01:32:00Z,451-1-1-01,,device_not_worn_correctly
1687311180000,2023-06-21T01:33:00Z,451-1-1-01,,device_not_worn_correctly
1687311240000,2023-06-21T01:34:00Z,451-1-1-01,,device_not_worn_correctly
1687311300000,2023-06-21T01:35:00Z,451-1-1-01,,device_not_worn_correctly
1687311360000,2023-06-21T01:36:00Z,451-1-1-01,,device_not_worn_correctly
1687311420000,2023-06-21T01:37:00Z,451-1-1-01,,device_not_worn_correctly
1687311480000,2023-06-21T01:38:00Z,451-1-1-01,,device_not_worn_correctly
1687311540000,2023-06-21T01:39:00Z,451-1-1-01,,device_not_worn_correctly
1687311600000,2023-06-21T01:40:00Z,451-1-1-01,,device_not_worn_correctly
1687311660000,2023-06-21T01:41:00Z,451-1-1-01,,device_not_worn_correctly
1687311720000,2023-06-21T01:42:00Z,451-1-1-01,,device_not_worn_correctly
1687311780000,2023-06-21T01:43:00Z,451-1-1-01,,device_not_worn_correctly
1687311840000,2023-06-21T01:44:00Z,451-1-1-01,,device_not_worn_correctly
1687311900000,2023-06-21T01:45:00Z,451-1-1-01,,device_not_worn_correctly
1687311960000,2023-06-21T01:46:00Z,451-1-1-01,,device_not_worn_correctly
1687312020000,2023-06-21T01:47:00Z,451-1-1-01,,device_not_worn_correctly
1687312080000,2023-06-21T01:48:00Z,451-1-1-01,,device_not_worn_correctly
1687312140000,2023-06-21T01:49:00Z,451-1-1-01,,device_not_worn_correctly
1687312200000,2023-06-21T01:50:00Z,451-1-1-01,,device_not_worn_correctly
1687312260000,2023-06-21T01:51:00Z,451-1-1-01,,device_not_worn_correctly
1687312320000,2023-06-21T01:52:00Z,451-1-1-01,,device_not_worn_correctly
1687312380000,2023-06-21T01:53:00Z,451-1-1-01,,device_not_worn_correctly
1687312440000,2023-06-21T01:54:00Z,451-1-1-01,,device_not_worn_correctly
1687312500000,2023-06-21T01:55:00Z,451-1-1-01,,device_not_worn_correctly
1687312560000,2023-06-21T01:56:00Z,451-1-1-01,,device_not_worn_correctly
1687312620000,2023-06-21T01:57:00Z,451-1-1-01,,device_not_worn_correctly
1687312680000,2023-06-21T01:58:00Z,451-1-1-01,,device_not_worn_correctly
1687312740000,2023-06-21T01:59:00Z,451-1-1-01,,device_not_worn_correctly
1687312800000,2023-06-21T02:00:00Z,451-1-1-01,,device_not_worn_correctly
1687312860000,2023-06-21T02:01:00Z,451-1-1-01,,device_not_worn_correctly
1687312920000,2023-06-21T02:02:00Z,451-1-1-01,,device_not_worn_correctly
1687312980000,2023-06-21T02:03:00Z,451-1-1-01,,device_not_worn_correctly
1687313040000,2023-06-21T02:04:00Z,451-1-1-01,,device_not_worn_correctly
1687313100000,2023-06-21T02:05:00Z,451-1-1-01,,device_not_worn_correctly
1687313160000,2023-06-21T02:06:00Z,451-1-1-01,,device_not_worn_correctly
1687313220000,2023-06-21T02:07:00Z,451-1-1-01,,device_not_worn_correctly
1687313280000,2023-06-21T02:08:00Z,451-1-1-01,,device_not_worn_correctly
1687313340000,2023-06-21T02:09:00Z,451-1-1-01,,device_not_worn_correctly
1687313400000,2023-06-21T02:10:00Z,451-1-1-01,,device_not_worn_correctly
1687313460000,2023-06-21T02:11:00Z,451-1-1-01,,device_not_worn_correctly
1687313520000,2023-06-21T02:12:00Z,451-1-1-01,,device_not_worn_correctly
1687313580000,2023-06-21T02:13:00Z,451-1-1-01,,device_not_worn_correctly
1687313640000,2023-06-21T02:14:00Z,451-1-1-01,,device_not_worn_correctly
1687313700000,2023-06-21T02:15:00Z,451-1-1-01,,device_not_worn_correctly
1687313760000,2023-06-21T02:16:00Z,451-1-1-01,,device_not_worn_correctly
1687313820000,2023-06-21T02:17:00Z,451-1-1-01,,device_not_worn_correctly
1687313880000,2023-06-21T02:18:00Z,451-1-1-01,,device_not_worn_correctly
1687313940000,2023-06-21T02:19:00Z,451-1-1-01,,device_not_worn_correctly
1687314000000,2023-06-21T02:20:00Z,451-1-1-01,,device_not_worn_correctly
1687314060000,2023-06-21T02:21:00Z,451-1-1-01,,device_not_worn_correctly
1687314120000,2023-06-21T02:22:00Z,451-1-1-01,,device_not_worn_correctly
1687314180000,2023-06-21T02:23:00Z,451-1-1-01,,device_not_worn_correctly
1687314240000,2023-06-21T02:24:00Z,451-1-1-01,,device_not_worn_correctly
1687314300000,2023-06-21T02:25:00Z,451-1-1-01,,device_not_worn_correctly
1687314360000,2023-06-21T02:26:00Z,451-1-1-01,,device_not_worn_correctly
1687314420000,2023-06-21T02:27:00Z,451-1-1-01,,device_not_worn_correctly
1687314480000,2023-06-21T02:28:00Z,451-1-1-01,,device_not_worn_correctly
1687314540000,2023-06-21T02:29:00Z,451-1-1-01,,device_not_worn_correctly
1687314600000,2023-06-21T02:30:00Z,451-1-1-01,,device_not_worn_correctly
1687314660000,2023-06-21T02:31:00Z,451-1-1-01,,device_not_worn_correctly
1687314720000,2023-06-21T02:32:00Z,451-1-1-01,,device_not_worn_correctly
1687314780000,2023-06-21T02:33:00Z,451-1-1-01,,device_not_worn_correctly
1687314840000,2023-06-21T02:34:00Z,451-1-1-01,,device_not_worn_correctly
1687314900000,2023-06-21T02:35:00Z,451-1-1-01,,device_not_worn_correctly
1687314960000,2023-06-21T02:36:00Z,451-1-1-01,,device_not_worn_correctly
1687315020000,2023-06-21T02:37:00Z,451-1-1-01,,device_not_worn_correctly
1687315080000,2023-06-21T02:38:00Z,451-1-1-01,,device_not_worn_correctly
1687315140000,2023-06-21T02:39:00Z,451-1-1-01,,device_not_worn_correctly
1687315200000,2023-06-21T02:40:00Z,451-1-1-01,,device_not_worn_correctly
1687315260000,2023-06-21T02:41:00Z,451-1-1-01,,device_not_worn_correctly
1687315320000,2023-06-21T02:42:00Z,451-1-1-01,,device_not_worn_correctly
1687315380000,2023-06-21T02:43:00Z,451-1-1-01,,device_not_worn_correctly
1687315440000,2023-06-21T02:44:00Z,451-1-1-01,,device_not_worn_correctly
1687315500000,2023-06-21T02:45:00Z,451-1-1-01,,device_not_worn_correctly
1687315560000,2023-06-21T02:46:00Z,451-1-1-01,,device_not_worn_correctly
1687315620000,2023-06-21T02:47:00Z,451-1-1-01,,device_not_worn_correctly
1687315680000,2023-06-21T02:48:00Z,451-1-1-01,,device_not_worn_correctly
1687315740000,2023-06-21T02:49:00Z,451-1-1-01,,device_not_worn_correctly
1687315800000,2023-06-21T02:50:00Z,451-1-1-01,,device_not_worn_correctly
1687315860000,2023-06-21T02:51:00Z,451-1-1-01,,device_not_worn_correctly
1687315920000,2023-06-21T02:52:00Z,451-1-1-01,,device_not_worn_correctly
1687315980000,2023-06-21T02:53:00Z,451-1-1-01,,device_not_worn_correctly
1687316040000,2023-06-21T02:54:00Z,451-1-1-01,,device_not_worn_correctly
1687316100000,2023-06-21T02:55:00Z,451-1-1-01,,device_not_worn_correctly
1687316160000,2023-06-21T02:56:00Z,451-1-1-01,,device_not_worn_correctly
1687316220000,2023-06-21T02:57:00Z,451-1-1-01,,device_not_worn_correctly
1687316280000,2023-06-21T02:58:00Z,451-1-1-01,,device_not_worn_correctly
1687316340000,2023-06-21T02:59:00Z,451-1-1-01,,device_not_worn_correctly
1687316400000,2023-06-21T03:00:00Z,451-1-1-01,,device_not_worn_correctly
1687316460000,2023-06-21T03:01:00Z,451-1-1-01,,device_not_worn_correctly
1687316520000,2023-06-21T03:02:00Z,451-1-1-01,,device_not_worn_correctly
1687316580000,2023-06-21T03:03:00Z,451-1-1-01,,device_not_worn_correctly
1687316640000,2023-06-21T03:04:00Z,451-1-1-01,,device_not_worn_correctly
1687316700000,2023-06-21T03:05:00Z,451-1-1-01,,device_not_worn_correctly
1687316760000,2023-06-21T03:06:00Z,451-1-1-01,,device_not_worn_correctly
1687316820000,2023-06-21T03:07:00Z,451-1-1-01,,device_not_worn_correctly
1687316880000,2023-06-21T03:08:00Z,451-1-1-01,,device_not_worn_correctly
1687316940000,2023-06-21T03:09:00Z,451-1-1-01,,device_not_worn_correctly
1687317000000,2023-06-21T03:10:00Z,451-1-1-01,,device_not_worn_correctly
1687317060000,2023-06-21T03:11:00Z,451-1-1-01,,device_not_worn_correctly
1687317120000,2023-06-21T03:12:00Z,451-1-1-01,,device_not_worn_correctly
1687317180000,2023-06-21T03:13:00Z,451-1-1-01,,device_not_worn_correctly
1687317240000,2023-06-21T03:14:00Z,451-1-1-01,,device_not_worn_correctly
1687317300000,2023-06-21T03:15:00Z,451-1-1-01,,device_not_worn_correctly
1687317360000,2023-06-21T03:16:00Z,451-1-1-01,,device_not_worn_correctly
1687317420000,2023-06-21T03:17:00Z,451-1-1-01,,device_not_worn_correctly
1687317480000,2023-06-21T03:18:00Z,451-1-1-01,,device_not_worn_correctly
1687317540000,2023-06-21T03:19:00Z,451-1-1-01,,device_not_worn_correctly
1687317600000,2023-06-21T03:20:00Z,451-1-1-01,,device_not_worn_correctly
1687317660000,2023-06-21T03:21:00Z,451-1-1-01,,device_not_worn_correctly
1687317720000,2023-06-21T03:22:00Z,451-1-1-01,,device_not_worn_correctly
1687317780000,2023-06-21T03:23:00Z,451-1-1-01,,device_not_worn_correctly
1687317840000,2023-06-21T03:24:00Z,451-1-1-01,,device_not_worn_correctly
1687317900000,2023-06-21T03:25:00Z,451-1-1-01,,device_not_worn_correctly
1687317960000,2023-06-21T03:26:00Z,451-1-1-01,,device_not_worn_correctly
1687318020000,2023-06-21T03:27:00Z,451-1-1-01,,device_not_worn_correctly
1687318080000,2023-06-21T03:28:00Z,451-1-1-01,,device_not_worn_correctly
1687318140000,2023-06-21T03:29:00Z,451-1-1-01,,device_not_worn_correctly
1687318200000,2023-06-21T03:30:00Z,451-1-1-01,,device_not_worn_correctly
1687318260000,2023-06-21T03:31:00Z,451-1-1-01,,device_not_worn_correctly
1687318320000,2023-06-21T03:32:00Z,451-1-1-01,,device_not_worn_correctly
1687318380000,2023-06-21T03:33:00Z,451-1-1-01,,device_not_worn_correctly
1687318440000,2023-06-21T03:34:00Z,451-1-1-01,,device_not_worn_correctly
1687318500000,2023-06-21T03:35:00Z,451-1-1-01,,device_not_worn_correctly
1687318560000,2023-06-21T03:36:00Z,451-1-1-01,,device_not_worn_correctly
1687318620000,2023-06-21T03:37:00Z,451-1-1-01,,device_not_worn_correctly
1687318680000,2023-06-21T03:38:00Z,451-1-1-01,,device_not_worn_correctly
1687318740000,2023-06-21T03:39:00Z,451-1-1-01,,device_not_worn_correctly
1687318800000,2023-06-21T03:40:00Z,451-1-1-01,,device_not_worn_correctly
1687318860000,2023-06-21T03:41:00Z,451-1-1-01,,device_not_worn_correctly
1687318920000,2023-06-21T03:42:00Z,451-1-1-01,,device_not_worn_correctly
1687318980000,2023-06-21T03:43:00Z,451-1-1-01,,device_not_worn_correctly
1687319040000,2023-06-21T03:44:00Z,451-1-1-01,,device_not_worn_correctly
1687319100000,2023-06-21T03:45:00Z,451-1-1-01,,device_not_worn_correctly
1687319160000,2023-06-21T03:46:00Z,451-1-1-01,,device_not_worn_correctly
1687319220000,2023-06-21T03:47:00Z,451-1-1-01,,device_not_worn_correctly
1687319280000,2023-06-21T03:48:00Z,451-1-1-01,,device_not_worn_correctly
1687319340000,2023-06-21T03:49:00Z,451-1-1-01,,device_not_worn_correctly
1687319400000,2023-06-21T03:50:00Z,451-1-1-01,,device_not_worn_correctly
1687319460000,2023-06-21T03:51:00Z,451-1-1-01,,device_not_worn_correctly
1687319520000,2023-06-21T03:52:00Z,451-1-1-01,,device_not_worn_correctly
1687319580000,2023-06-21T03:53:00Z,451-1-1-01,,device_not_worn_correctly
1687319640000,2023-06-21T03:54:00Z,451-1-1-01,,device_not_worn_correctly
1687319700000,2023-06-21T03:55:00Z,451-1-1-01,,device_not_worn_correctly
1687319760000,2023-06-21T03:56:00Z,451-1-1-01,,device_not_worn_correctly
1687319820000,2023-06-21T03:57:00Z,451-1-1-01,,device_not_worn_correctly
1687319880000,2023-06-21T03:58:00Z,451-1-1-01,,device_not_worn_correctly
1687319940000,2023-06-21T03:59:00Z,451-1-1-01,,device_not_worn_correctly
1687320000000,2023-06-21T04:00:00Z,451-1-1-01,,device_not_worn_correctly
1687320060000,2023-06-21T04:01:00Z,451-1-1-01,,device_not_worn_correctly
1687320120000,2023-06-21T04:02:00Z,451-1-1-01,,device_not_worn_correctly
1687320180000,2023-06-21T04:03:00Z,451-1-1-01,,device_not_worn_correctly
1687320240000,2023-06-21T04:04:00Z,451-1-1-01,,device_not_worn_correctly
1687320300000,2023-06-21T04:05:00Z,451-1-1-01,,device_not_worn_correctly
1687320360000,2023-06-21T04:06:00Z,451-1-1-01,,device_not_worn_correctly
1687320420000,2023-06-21T04:07:00Z,451-1-1-01,,device_not_worn_correctly
1687320480000,2023-06-21T04:08:00Z,451-1-1-01,,device_not_worn_correctly
1687320540000,2023-06-21T04:09:00Z,451-1-1-01,,device_not_worn_correctly
1687320600000,2023-06-21T04:10:00Z,451-1-1-01,,device_not_worn_correctly
1687320660000,2023-06-21T04:11:00Z,451-1-1-01,,device_not_worn_correctly
1687320720000,2023-06-21T04:12:00Z,451-1-1-01,,device_not_worn_correctly
1687320780000,2023-06-21T04:13:00Z,451-1-1-01,,device_not_worn_correctly
1687320840000,2023-06-21T04:14:00Z,451-1-1-01,,device_not_worn_correctly
1687320900000,2023-06-21T04:15:00Z,451-1-1-01,,device_not_worn_correctly
1687320960000,2023-06-21T04:16:00Z,451-1-1-01,,device_not_worn_correctly
1687321020000,2023-06-21T04:17:00Z,451-1-1-01,,device_not_worn_correctly
1687321080000,2023-06-21T04:18:00Z,451-1-1-01,,device_not_worn_correctly
1687321140000,2023-06-21T04:19:00Z,451-1-1-01,,device_not_worn_correctly
1687321200000,2023-06-21T04:20:00Z,451-1-1-01,,device_not_worn_correctly
1687321260000,2023-06-21T04:21:00Z,451-1-1-01,,device_not_worn_correctly
1687321320000,2023-06-21T04:22:00Z,451-1-1-01,,device_not_worn_correctly
1687321380000,2023-06-21T04:23:00Z,451-1-1-01,,device_not_worn_correctly
1687321440000,2023-06-21T04:24:00Z,451-1-1-01,,device_not_worn_correctly
1687321500000,2023-06-21T04:25:00Z,451-1-1-01,,device_not_worn_correctly
1687321560000,2023-06-21T04:26:00Z,451-1-1-01,,device_not_worn_correctly
1687321620000,2023-06-21T04:27:00Z,451-1-1-01,,device_not_worn_correctly
1687321680000,2023-06-21T04:28:00Z,451-1-1-01,,device_not_worn_correctly
1687321740000,2023-06-21T04:29:00Z,451-1-1-01,,device_not_worn_correctly
1687321800000,2023-06-21T04:30:00Z,451-1-1-01,,device_not_worn_correctly
1687321860000,2023-06-21T04:31:00Z,451-1-1-01,,device_not_worn_correctly
1687321920000,2023-06-21T04:32:00Z,451-1-1-01,,device_not_worn_correctly
1687321980000,2023-06-21T04:33:00Z,451-1-1-01,,device_not_worn_correctly
1687322040000,2023-06-21T04:34:00Z,451-1-1-01,,device_not_worn_correctly
1687322100000,2023-06-21T04:35:00Z,451-1-1-01,,device_not_worn_correctly
1687322160000,2023-06-21T04:36:00Z,451-1-1-01,,device_not_worn_correctly
1687322220000,2023-06-21T04:37:00Z,451-1-1-01,,device_not_worn_correctly
1687322280000,2023-06-21T04:38:00Z,451-1-1-01,,device_not_worn_correctly
1687322340000,2023-06-21T04:39:00Z,451-1-1-01,,device_not_worn_correctly
1687322400000,2023-06-21T04:40:00Z,451-1-1-01,,device_not_worn_correctly
1687322460000,2023-06-21T04:41:00Z,451-1-1-01,,device_not_worn_correctly
1687322520000,2023-06-21T04:42:00Z,451-1-1-01,,device_not_worn_correctly
1687322580000,2023-06-21T04:43:00Z,451-1-1-01,,device_not_worn_correctly
1687322640000,2023-06-21T04:44:00Z,451-1-1-01,,device_not_worn_correctly
1687322700000,2023-06-21T04:45:00Z,451-1-1-01,,device_not_worn_correctly
1687322760000,2023-06-21T04:46:00Z,451-1-1-01,,device_not_worn_correctly
1687322820000,2023-06-21T04:47:00Z,451-1-1-01,,device_not_worn_correctly
1687322880000,2023-06-21T04:48:00Z,451-1-1-01,,device_not_worn_correctly
1687322940000,2023-06-21T04:49:00Z,451-1-1-01,,device_not_worn_correctly
1687323000000,2023-06-21T04:50:00Z,451-1-1-01,,device_not_worn_correctly
1687323060000,2023-06-21T04:51:00Z,451-1-1-01,,device_not_worn_correctly
1687323120000,2023-06-21T04:52:00Z,451-1-1-01,,device_not_worn_correctly
1687323180000,2023-06-21T04:53:00Z,451-1-1-01,,device_not_worn_correctly
1687323240000,2023-06-21T04:54:00Z,451-1-1-01,,device_not_worn_correctly
1687323300000,2023-06-21T04:55:00Z,451-1-1-01,,device_not_worn_correctly
1687323360000,2023-06-21T04:56:00Z,451-1-1-01,,device_not_worn_correctly
1687323420000,2023-06-21T04:57:00Z,451-1-1-01,,device_not_worn_correctly
1687323480000,2023-06-21T04:58:00Z,451-1-1-01,,device_not_worn_correctly
1687323540000,2023-06-21T04:59:00Z,451-1-1-01,,device_not_worn_correctly
1687323600000,2023-06-21T05:00:00Z,451-1-1-01,,device_not_worn_correctly
1687323660000,2023-06-21T05:01:00Z,451-1-1-01,,device_not_worn_correctly
1687323720000,2023-06-21T05:02:00Z,451-1-1-01,,device_not_worn_correctly
1687323780000,2023-06-21T05:03:00Z,451-1-1-01,,device_not_worn_correctly
1687323840000,2023-06-21T05:04:00Z,451-1-1-01,,device_not_worn_correctly
1687323900000,2023-06-21T05:05:00Z,451-1-1-01,,device_not_worn_correctly
1687323960000,2023-06-21T05:06:00Z,451-1-1-01,,device_not_worn_correctly
1687324020000,2023-06-21T05:07:00Z,451-1-1-01,,device_not_worn_correctly
1687324080000,2023-06-21T05:08:00Z,451-1-1-01,,device_not_worn_correctly
1687324140000,2023-06-21T05:09:00Z,451-1-1-01,,device_not_worn_correctly
1687324200000,2023-06-21T05:10:00Z,451-1-1-01,,device_not_worn_correctly
1687324260000,2023-06-21T05:11:00Z,451-1-1-01,,device_not_worn_correctly
1687324320000,2023-06-21T05:12:00Z,451-1-1-01,,device_not_worn_correctly
1687324380000,2023-06-21T05:13:00Z,451-1-1-01,,device_not_worn_correctly
1687324440000,2023-06-21T05:14:00Z,451-1-1-01,,device_not_worn_correctly
1687324500000,2023-06-21T05:15:00Z,451-1-1-01,,device_not_worn_correctly
1687324560000,2023-06-21T05:16:00Z,451-1-1-01,,device_not_worn_correctly
1687324620000,2023-06-21T05:17:00Z,451-1-1-01,,device_not_worn_correctly
1687324680000,2023-06-21T05:18:00Z,451-1-1-01,,device_not_worn_correctly
1687324740000,2023-06-21T05:19:00Z,451-1-1-01,,device_not_worn_correctly
1687324800000,2023-06-21T05:20:00Z,451-1-1-01,,device_not_worn_correctly
1687324860000,2023-06-21T05:21:00Z,451-1-1-01,,device_not_worn_correctly
1687324920000,2023-06-21T05:22:00Z,451-1-1-01,,device_not_worn_correctly
1687324980000,2023-06-21T05:23:00Z,451-1-1-01,,device_not_worn_correctly
1687325040000,2023-06-21T05:24:00Z,451-1-1-01,,device_not_worn_correctly
1687325100000,2023-06-21T05:25:00Z,451-1-1-01,,device_not_worn_correctly
1687325160000,2023-06-21T05:26:00Z,451-1-1-01,,device_not_worn_correctly
1687325220000,2023-06-21T05:27:00Z,451-1-1-01,,device_not_worn_correctly
1687325280000,2023-06-21T05:28:00Z,451-1-1-01,,device_not_worn_correctly
1687325340000,2023-06-21T05:29:00Z,451-1-1-01,,device_not_worn_correctly
1687325400000,2023-06-21T05:30:00Z,451-1-1-01,,device_not_worn_correctly
1687325460000,2023-06-21T05:31:00Z,451-1-1-01,,device_not_worn_correctly
1687325520000,2023-06-21T05:32:00Z,451-1-1-01,,device_not_worn_correctly
1687325580000,2023-06-21T05:33:00Z,451-1-1-01,,device_not_worn_correctly
1687325640000,2023-06-21T05:34:00Z,451-1-1-01,,device_not_worn_correctly
1687325700000,2023-06-21T05:35:00Z,451-1-1-01,,device_not_worn_correctly
1687325760000,2023-06-21T05:36:00Z,451-1-1-01,,device_not_worn_correctly
1687325820000,2023-06-21T05:37:00Z,451-1-1-01,,device_not_worn_correctly
1687325880000,2023-06-21T05:38:00Z,451-1-1-01,,device_not_worn_correctly
1687325940000,2023-06-21T05:39:00Z,451-1-1-01,,device_not_worn_correctly
1687326000000,2023-06-21T05:40:00Z,451-1-1-01,,device_not_worn_correctly
1687326060000,2023-06-21T05:41:00Z,451-1-1-01,,device_not_worn_correctly
1687326120000,2023-06-21T05:42:00Z,451-1-1-01,,device_not_worn_correctly
1687326180000,2023-06-21T05:43:00Z,451-1-1-01,,device_not_worn_correctly
1687326240000,2023-06-21T05:44:00Z,451-1-1-01,,device_not_worn_correctly
1687326300000,2023-06-21T05:45:00Z,451-1-1-01,,device_not_worn_correctly
1687326360000,2023-06-21T05:46:00Z,451-1-1-01,,device_not_worn_correctly
1687326420000,2023-06-21T05:47:00Z,451-1-1-01,,device_not_worn_correctly
1687326480000,2023-06-21T05:48:00Z,451-1-1-01,,device_not_worn_correctly
1687326540000,2023-06-21T05:49:00Z,451-1-1-01,,device_not_worn_correctly
1687326600000,2023-06-21T05:50:00Z,451-1-1-01,,device_not_worn_correctly
1687326660000,2023-06-21T05:51:00Z,451-1-1-01,,device_not_worn_correctly
1687326720000,2023-06-21T05:52:00Z,451-1-1-01,,device_not_worn_correctly
1687326780000,2023-06-21T05:53:00Z,451-1-1-01,,device_not_worn_correctly
1687326840000,2023-06-21T05:54:00Z,451-1-1-01,0.05,
1687326900000,2023-06-21T05:55:00Z,451-1-1-01,0.17,
1687326960000,2023-06-21T05:56:00Z,451-1-1-01,0.18,
1687327020000,2023-06-21T05:57:00Z,451-1-1-01,0.21,
1687327080000,2023-06-21T05:58:00Z,451-1-1-01,0.19,
1687327140000,2023-06-21T05:59:00Z,451-1-1-01,0.17,
1687327200000,2023-06-21T06:00:00Z,451-1-1-01,0.18,
1687327260000,2023-06-21T06:01:00Z,451-1-1-01,0.18,
1687327320000,2023-06-21T06:02:00Z,451-1-1-01,0.15,
1687327380000,2023-06-21T06:03:00Z,451-1-1-01,0.13,
1687327440000,2023-06-21T06:04:00Z,451-1-1-01,0.12,
1687327500000,2023-06-21T06:05:00Z,451-1-1-01,0.11,
1687327560000,2023-06-21T06:06:00Z,451-1-1-01,0.1,
1687327620000,2023-06-21T06:07:00Z,451-1-1-01,0.09,
1687327680000,2023-06-21T06:08:00Z,451-1-1-01,0.09,
1687327740000,2023-06-21T06:09:00Z,451-1-1-01,0.09,
1687327800000,2023-06-21T06:10:00Z,451-1-1-01,0.09,
1687327860000,2023-06-21T06:11:00Z,451-1-1-01,0.09,
1687327920000,2023-06-21T06:12:00Z,451-1-1-01,0.08,
1687327980000,2023-06-21T06:13:00Z,451-1-1-01,0.08,
1687328040000,2023-06-21T06:14:00Z,451-1-1-01,0.07,
1687328100000,2023-06-21T06:15:00Z,451-1-1-01,0.06,
1687328160000,2023-06-21T06:16:00Z,451-1-1-01,0.07,
1687328220000,2023-06-21T06:17:00Z,451-1-1-01,0.07,
1687328280000,2023-06-21T06:18:00Z,451-1-1-01,0.07,
1687328340000,2023-06-21T06:19:00Z,451-1-1-01,0.06,
1687328400000,2023-06-21T06:20:00Z,451-1-1-01,0.05,
1687328460000,2023-06-21T06:21:00Z,451-1-1-01,0.06,
1687328520000,2023-06-21T06:22:00Z,451-1-1-01,0.06,
1687328580000,2023-06-21T06:23:00Z,451-1-1-01,0.07,
1687328640000,2023-06-21T06:24:00Z,451-1-1-01,0.07,
1687328700000,2023-06-21T06:25:00Z,451-1-1-01,0.07,
1687328760000,2023-06-21T06:26:00Z,451-1-1-01,0.07,
1687328820000,2023-06-21T06:27:00Z,451-1-1-01,0.07,
1687328880000,2023-06-21T06:28:00Z,451-1-1-01,0.06,
1687328940000,2023-06-21T06:29:00Z,451-1-1-01,0.07,
1687329000000,2023-06-21T06:30:00Z,451-1-1-01,0.07,
1687329060000,2023-06-21T06:31:00Z,451-1-1-01,0.07,
1687329120000,2023-06-21T06:32:00Z,451-1-1-01,0.07,
1687329180000,2023-06-21T06:33:00Z,451-1-1-01,0.06,
1687329240000,2023-06-21T06:34:00Z,451-1-1-01,0.06,
1687329300000,2023-06-21T06:35:00Z,451-1-1-01,0.06,
1687329360000,2023-06-21T06:36:00Z,451-1-1-01,0.06,
1687329420000,2023-06-21T06:37:00Z,451-1-1-01,0.06,
1687329480000,2023-06-21T06:38:00Z,451-1-1-01,0.06,
1687329540000,2023-06-21T06:39:00Z,451-1-1-01,0.06,
1687329600000,2023-06-21T06:40:00Z,451-1-1-01,0.06,
1687329660000,2023-06-21T06:41:00Z,451-1-1-01,0.06,
1687329720000,2023-06-21T06:42:00Z,451-1-1-01,0.06,
1687329780000,2023-06-21T06:43:00Z,451-1-1-01,0.06,
1687329840000,2023-06-21T06:44:00Z,451-1-1-01,0.06,
1687329900000,2023-06-21T06:45:00Z,451-1-1-01,0.06,
1687329960000,2023-06-21T06:46:00Z,451-1-1-01,0.06,
1687330020000,2023-06-21T06:47:00Z,451-1-1-01,0.06,
1687330080000,2023-06-21T06:48:00Z,451-1-1-01,0.06,
1687330140000,2023-06-21T06:49:00Z,451-1-1-01,0.07,
1687330200000,2023-06-21T06:50:00Z,451-1-1-01,0.08,
1687330260000,2023-06-21T06:51:00Z,451-1-1-01,0.09,
1687330320000,2023-06-21T06:52:00Z,451-1-1-01,0.09,
1687330380000,2023-06-21T06:53:00Z,451-1-1-01,0.09,
1687330440000,2023-06-21T06:54:00Z,451-1-1-01,0.09,
1687330500000,2023-06-21T06:55:00Z,451-1-1-01,0.08,
1687330560000,2023-06-21T06:56:00Z,451-1-1-01,0.1,
1687330620000,2023-06-21T06:57:00Z,451-1-1-01,0.08,
1687330680000,2023-06-21T06:58:00Z,451-1-1-01,0.08,
1687330740000,2023-06-21T06:59:00Z,451-1-1-01,0.07,
1687330800000,2023-06-21T07:00:00Z,451-1-1-01,0.07,
1687330860000,2023-06-21T07:01:00Z,451-1-1-01,0.07,
1687330920000,2023-06-21T07:02:00Z,451-1-1-01,0.05,
1687330980000,2023-06-21T07:03:00Z,451-1-1-01,0.06,
1687331040000,2023-06-21T07:04:00Z,451-1-1-01,0.06,
1687331100000,2023-06-21T07:05:00Z,451-1-1-01,0.06,
1687331160000,2023-06-21T07:06:00Z,451-1-1-01,0.05,
1687331220000,2023-06-21T07:07:00Z,451-1-1-01,0.05,
1687331280000,2023-06-21T07:08:00Z,451-1-1-01,0.06,
1687331340000,2023-06-21T07:09:00Z,451-1-1-01,0.05,
1687331400000,2023-06-21T07:10:00Z,451-1-1-01,0.05,
1687331460000,2023-06-21T07:11:00Z,451-1-1-01,0.04,
1687331520000,2023-06-21T07:12:00Z,451-1-1-01,0.03,
1687331580000,2023-06-21T07:13:00Z,451-1-1-01,0.03,
1687331640000,2023-06-21T07:14:00Z,451-1-1-01,,device_not_worn_correctly
1687331700000,2023-06-21T07:15:00Z,451-1-1-01,0.01,
1687331760000,2023-06-21T07:16:00Z,451-1-1-01,0.03,
1687331820000,2023-06-21T07:17:00Z,451-1-1-01,0.02,
1687331880000,2023-06-21T07:18:00Z,451-1-1-01,0.03,
1687331940000,2023-06-21T07:19:00Z,451-1-1-01,0.03,
1687332000000,2023-06-21T07:20:00Z,451-1-1-01,0.04,
1687332060000,2023-06-21T07:21:00Z,451-1-1-01,0.03,
1687332120000,2023-06-21T07:22:00Z,451-1-1-01,0.03,
1687332180000,2023-06-21T07:23:00Z,451-1-1-01,0.03,
1687332240000,2023-06-21T07:24:00Z,451-1-1-01,0.03,
1687332300000,2023-06-21T07:25:00Z,451-1-1-01,0.03,
1687332360000,2023-06-21T07:26:00Z,451-1-1-01,0.03,
1687332420000,2023-06-21T07:27:00Z,451-1-1-01,0.03,
1687332480000,2023-06-21T07:28:00Z,451-1-1-01,0.03,
1687332540000,2023-06-21T07:29:00Z,451-1-1-01,0.03,
1687332600000,2023-06-21T07:30:00Z,451-1-1-01,0.04,
1687332660000,2023-06-21T07:31:00Z,451-1-1-01,0.04,
1687332720000,2023-06-21T07:32:00Z,451-1-1-01,0.04,
1687332780000,2023-06-21T07:33:00Z,451-1-1-01,0.04,
1687332840000,2023-06-21T07:34:00Z,451-1-1-01,0.04,
1687332900000,2023-06-21T07:35:00Z,451-1-1-01,0.04,
1687332960000,2023-06-21T07:36:00Z,451-1-1-01,0.04,
1687333020000,2023-06-21T07:37:00Z,451-1-1-01,0.04,
1687333080000,2023-06-21T07:38:00Z,451-1-1-01,0.04,
1687333140000,2023-06-21T07:39:00Z,451-1-1-01,0.04,
1687333200000,2023-06-21T07:40:00Z,451-1-1-01,0.04,
1687333260000,2023-06-21T07:41:00Z,451-1-1-01,0.05,
1687333320000,2023-06-21T07:42:00Z,451-1-1-01,0.05,
1687333380000,2023-06-21T07:43:00Z,451-1-1-01,0.04,
1687333440000,2023-06-21T07:44:00Z,451-1-1-01,0.04,
1687333500000,2023-06-21T07:45:00Z,451-1-1-01,0.04,
1687333560000,2023-06-21T07:46:00Z,451-1-1-01,0.05,
1687333620000,2023-06-21T07:47:00Z,451-1-1-01,0.04,
1687333680000,2023-06-21T07:48:00Z,451-1-1-01,0.04,
1687333740000,2023-06-21T07:49:00Z,451-1-1-01,0.05,
1687333800000,2023-06-21T07:50:00Z,451-1-1-01,0.05,
1687333860000,2023-06-21T07:51:00Z,451-1-1-01,0.04,
1687333920000,2023-06-21T07:52:00Z,451-1-1-01,0.05,
1687333980000,2023-06-21T07:53:00Z,451-1-1-01,0.05,
1687334040000,2023-06-21T07:54:00Z,451-1-1-01,0.05,
1687334100000,2023-06-21T07:55:00Z,451-1-1-01,0.05,
1687334160000,2023-06-21T07:56:00Z,451-1-1-01,0.05,
1687334220000,2023-06-21T07:57:00Z,451-1-1-01,0.05,
1687334280000,2023-06-21T07:58:00Z,451-1-1-01,0.05,
1687334340000,2023-06-21T07:59:00Z,451-1-1-01,0.05,
1687334400000,2023-06-21T08:00:00Z,451-1-1-01,0.05,
1687334460000,2023-06-21T08:01:00Z,451-1-1-01,0.05,
1687334520000,2023-06-21T08:02:00Z,451-1-1-01,0.05,
1687334580000,2023-06-21T08:03:00Z,451-1-1-01,0.04,
1687334640000,2023-06-21T08:04:00Z,451-1-1-01,0.04,
1687334700000,2023-06-21T08:05:00Z,451-1-1-01,0.04,
1687334760000,2023-06-21T08:06:00Z,451-1-1-01,0.04,
1687334820000,2023-06-21T08:07:00Z,451-1-1-01,0.05,
1687334880000,2023-06-21T08:08:00Z,451-1-1-01,0.05,
1687334940000,2023-06-21T08:09:00Z,451-1-1-01,0.05,
1687335000000,2023-06-21T08:10:00Z,451-1-1-01,0.05,
1687335060000,2023-06-21T08:11:00Z,451-1-1-01,0.04,
1687335120000,2023-06-21T08:12:00Z,451-1-1-01,0.05,
1687335180000,2023-06-21T08:13:00Z,451-1-1-01,0.05,
1687335240000,2023-06-21T08:14:00Z,451-1-1-01,0.05,
1687335300000,2023-06-21T08:15:00Z,451-1-1-01,0.05,
1687335360000,2023-06-21T08:16:00Z,451-1-1-01,0.05,
1687335420000,2023-06-21T08:17:00Z,451-1-1-01,0.04,
1687335480000,2023-06-21T08:18:00Z,451-1-1-01,0.05,
1687335540000,2023-06-21T08:19:00Z,451-1-1-01,0.05,
1687335600000,2023-06-21T08:20:00Z,451-1-1-01,0.05,
1687335660000,2023-06-21T08:21:00Z,451-1-1-01,0.05,
1687335720000,2023-06-21T08:22:00Z,451-1-1-01,0.05,
1687335780000,2023-06-21T08:23:00Z,451-1-1-01,0.05,
1687335840000,2023-06-21T08:24:00Z,451-1-1-01,0.05,
1687335900000,2023-06-21T08:25:00Z,451-1-1-01,0.05,
1687335960000,2023-06-21T08:26:00Z,451-1-1-01,0.05,
1687336020000,2023-06-21T08:27:00Z,451-1-1-01,0.05,
1687336080000,2023-06-21T08:28:00Z,451-1-1-01,0.05,
1687336140000,2023-06-21T08:29:00Z,451-1-1-01,0.05,
1687336200000,2023-06-21T08:30:00Z,451-1-1-01,0.05,
1687336260000,2023-06-21T08:31:00Z,451-1-1-01,0.05,
1687336320000,2023-06-21T08:32:00Z,451-1-1-01,0.05,
1687336380000,2023-06-21T08:33:00Z,451-1-1-01,0.05,
1687336440000,2023-06-21T08:34:00Z,451-1-1-01,0.05,
1687336500000,2023-06-21T08:35:00Z,451-1-1-01,0.05,
1687336560000,2023-06-21T08:36:00Z,451-1-1-01,0.05,
1687336620000,2023-06-21T08:37:00Z,451-1-1-01,0.05,
1687336680000,2023-06-21T08:38:00Z,451-1-1-01,0.05,
1687336740000,2023-06-21T08:39:00Z,451-1-1-01,0.05,
1687336800000,2023-06-21T08:40:00Z,451-1-1-01,0.05,
1687336860000,2023-06-21T08:41:00Z,451-1-1-01,0.05,
1687336920000,2023-06-21T08:42:00Z,451-1-1-01,0.05,
1687336980000,2023-06-21T08:43:00Z,451-1-1-01,0.05,
1687337040000,2023-06-21T08:44:00Z,451-1-1-01,0.06,
1687337100000,2023-06-21T08:45:00Z,451-1-1-01,0.06,
1687337160000,2023-06-21T08:46:00Z,451-1-1-01,,device_not_recording
1687337220000,2023-06-21T08:47:00Z,451-1-1-01,0.06,
1687337280000,2023-06-21T08:48:00Z,451-1-1-01,0.05,
1687337340000,2023-06-21T08:49:00Z,451-1-1-01,0.05,
1687337400000,2023-06-21T08:50:00Z,451-1-1-01,0.05,
1687337460000,2023-06-21T08:51:00Z,451-1-1-01,0.05,
1687337520000,2023-06-21T08:52:00Z,451-1-1-01,0.05,
1687337580000,2023-06-21T08:53:00Z,451-1-1-01,0.04,
1687337640000,2023-06-21T08:54:00Z,451-1-1-01,0.04,
1687337700000,2023-06-21T08:55:00Z,451-1-1-01,0.04,
1687337760000,2023-06-21T08:56:00Z,451-1-1-01,0.05,
1687337820000,2023-06-21T08:57:00Z,451-1-1-01,0.05,
1687337880000,2023-06-21T08:58:00Z,451-1-1-01,0.05,
1687337940000,2023-06-21T08:59:00Z,451-1-1-01,0.05,
1687338000000,2023-06-21T09:00:00Z,451-1-1-01,0.05,
1687338060000,2023-06-21T09:01:00Z,451-1-1-01,0.05,
1687338120000,2023-06-21T09:02:00Z,451-1-1-01,0.05,
1687338180000,2023-06-21T09:03:00Z,451-1-1-01,0.05,
1687338240000,2023-06-21T09:04:00Z,451-1-1-01,0.05,
1687338300000,2023-06-21T09:05:00Z,451-1-1-01,0.05,
1687338360000,2023-06-21T09:06:00Z,451-1-1-01,0.05,
1687338420000,2023-06-21T09:07:00Z,451-1-1-01,0.05,
1687338480000,2023-06-21T09:08:00Z,451-1-1-01,0.05,
1687338540000,2023-06-21T09:09:00Z,451-1-1-01,0.04,
1687338600000,2023-06-21T09:10:00Z,451-1-1-01,0.04,
1687338660000,2023-06-21T09:11:00Z,451-1-1-01,0.05,
1687338720000,2023-06-21T09:12:00Z,451-1-1-01,0.05,
1687338780000,2023-06-21T09:13:00Z,451-1-1-01,0.04,
1687338840000,2023-06-21T09:14:00Z,451-1-1-01,0.04,
1687338900000,2023-06-21T09:15:00Z,451-1-1-01,0.04,
1687338960000,2023-06-21T09:16:00Z,451-1-1-01,0.04,
1687339020000,2023-06-21T09:17:00Z,451-1-1-01,0.04,
1687339080000,2023-06-21T09:18:00Z,451-1-1-01,0.05,
1687339140000,2023-06-21T09:19:00Z,451-1-1-01,0.05,
1687339200000,2023-06-21T09:20:00Z,451-1-1-01,0.05,
1687339260000,2023-06-21T09:21:00Z,451-1-1-01,0.05,
1687339320000,2023-06-21T09:22:00Z,451-1-1-01,0.05,
1687339380000,2023-06-21T09:23:00Z,451-1-1-01,0.05,
1687339440000,2023-06-21T09:24:00Z,451-1-1-01,0.05,
1687339500000,2023-06-21T09:25:00Z,451-1-1-01,0.05,
1687339560000,2023-06-21T09:26:00Z,451-1-1-01,0.05,
1687339620000,2023-06-21T09:27:00Z,451-1-1-01,0.05,
1687339680000,2023-06-21T09:28:00Z,451-1-1-01,0.05,
1687339740000,2023-06-21T09:29:00Z,451-1-1-01,0.05,
1687339800000,2023-06-21T09:30:00Z,451-1-1-01,0.05,
1687339860000,2023-06-21T09:31:00Z,451-1-1-01,0.05,
1687339920000,2023-06-21T09:32:00Z,451-1-1-01,0.05,
1687339980000,2023-06-21T09:33:00Z,451-1-1-01,0.05,
1687340040000,2023-06-21T09:34:00Z,451-1-1-01,0.05,
1687340100000,2023-06-21T09:35:00Z,451-1-1-01,0.04,
1687340160000,2023-06-21T09:36:00Z,451-1-1-01,0.05,
1687340220000,2023-06-21T09:37:00Z,451-1-1-01,0.05,
1687340280000,2023-06-21T09:38:00Z,451-1-1-01,0.05,
1687340340000,2023-06-21T09:39:00Z,451-1-1-01,0.05,
1687340400000,2023-06-21T09:40:00Z,451-1-1-01,0.05,
1687340460000,2023-06-21T09:41:00Z,451-1-1-01,0.06,
1687340520000,2023-06-21T09:42:00Z,451-1-1-01,0.06,
1687340580000,2023-06-21T09:43:00Z,451-1-1-01,0.05,
1687340640000,2023-06-21T09:44:00Z,451-1-1-01,0.05,
1687340700000,2023-06-21T09:45:00Z,451-1-1-01,0.06,
1687340760000,2023-06-21T09:46:00Z,451-1-1-01,0.06,
1687340820000,2023-06-21T09:47:00Z,451-1-1-01,0.05,
1687340880000,2023-06-21T09:48:00Z,451-1-1-01,0.05,
1687340940000,2023-06-21T09:49:00Z,451-1-1-01,0.05,
1687341000000,2023-06-21T09:50:00Z,451-1-1-01,0.06,
1687341060000,2023-06-21T09:51:00Z,451-1-1-01,0.05,
1687341120000,2023-06-21T09:52:00Z,451-1-1-01,0.05,
1687341180000,2023-06-21T09:53:00Z,451-1-1-01,0.06,
1687341240000,2023-06-21T09:54:00Z,451-1-1-01,0.06,
1687341300000,2023-06-21T09:55:00Z,451-1-1-01,0.06,
1687341360000,2023-06-21T09:56:00Z,451-1-1-01,0.06,
1687341420000,2023-06-21T09:57:00Z,451-1-1-01,0.05,
1687341480000,2023-06-21T09:58:00Z,451-1-1-01,0.06,
1687341540000,2023-06-21T09:59:00Z,451-1-1-01,0.06,
1687341600000,2023-06-21T10:00:00Z,451-1-1-01,0.06,
1687341660000,2023-06-21T10:01:00Z,451-1-1-01,0.05,
1687341720000,2023-06-21T10:02:00Z,451-1-1-01,0.06,
1687341780000,2023-06-21T10:03:00Z,451-1-1-01,0.05,
1687341840000,2023-06-21T10:04:00Z,451-1-1-01,0.04,
1687341900000,2023-06-21T10:05:00Z,451-1-1-01,0.05,
1687341960000,2023-06-21T10:06:00Z,451-1-1-01,0.05,
1687342020000,2023-06-21T10:07:00Z,451-1-1-01,0.05,
1687342080000,2023-06-21T10:08:00Z,451-1-1-01,0.05,
1687342140000,2023-06-21T10:09:00Z,451-1-1-01,0.05,
1687342200000,2023-06-21T10:10:00Z,451-1-1-01,0.06,
1687342260000,2023-06-21T10:11:00Z,451-1-1-01,0.06,
1687342320000,2023-06-21T10:12:00Z,451-1-1-01,0.07,
1687342380000,2023-06-21T10:13:00Z,451-1-1-01,0.06,
1687342440000,2023-06-21T10:14:00Z,451-1-1-01,0.06,
1687342500000,2023-06-21T10:15:00Z,451-1-1-01,0.06,
1687342560000,2023-06-21T10:16:00Z,451-1-1-01,0.07,
1687342620000,2023-06-21T10:17:00Z,451-1-1-01,0.08,
1687342680000,2023-06-21T10:18:00Z,451-1-1-01,0.16,
1687342740000,2023-06-21T10:19:00Z,451-1-1-01,0.2,
1687342800000,2023-06-21T10:20:00Z,451-1-1-01,0.25,
1687342860000,2023-06-21T10:21:00Z,451-1-1-01,0.25,
1687342920000,2023-06-21T10:22:00Z,451-1-1-01,0.17,
1687342980000,2023-06-21T10:23:00Z,451-1-1-01,0.14,
1687343040000,2023-06-21T10:24:00Z,451-1-1-01,0.16,
1687343100000,2023-06-21T10:25:00Z,451-1-1-01,0.22,
1687343160000,2023-06-21T10:26:00Z,451-1-1-01,0.32,
1687343220000,2023-06-21T10:27:00Z,451-1-1-01,0.44,
1687343280000,2023-06-21T10:28:00Z,451-1-1-01,0.47,
1687343340000,2023-06-21T10:29:00Z,451-1-1-01,0.43,
1687343400000,2023-06-21T10:30:00Z,451-1-1-01,0.4,
1687343460000,2023-06-21T10:31:00Z,451-1-1-01,0.34,
1687343520000,2023-06-21T10:32:00Z,451-1-1-01,0.28,
1687343580000,2023-06-21T10:33:00Z,451-1-1-01,0.22,
1687343640000,2023-06-21T10:34:00Z,451-1-1-01,0.19,
1687343700000,2023-06-21T10:35:00Z,451-1-1-01,0.16,
1687343760000,2023-06-21T10:36:00Z,451-1-1-01,0.15,
1687343820000,2023-06-21T10:37:00Z,451-1-1-01,0.13,
1687343880000,2023-06-21T10:38:00Z,451-1-1-01,0.13,
1687343940000,2023-06-21T10:39:00Z,451-1-1-01,0.14,
1687344000000,2023-06-21T10:40:00Z,451-1-1-01,0.3,
1687344060000,2023-06-21T10:41:00Z,451-1-1-01,0.28,
1687344120000,2023-06-21T10:42:00Z,451-1-1-01,0.24,
1687344180000,2023-06-21T10:43:00Z,451-1-1-01,0.21,
1687344240000,2023-06-21T10:44:00Z,451-1-1-01,0.19,
1687344300000,2023-06-21T10:45:00Z,451-1-1-01,0.19,
1687344360000,2023-06-21T10:46:00Z,451-1-1-01,0.18,
1687344420000,2023-06-21T10:47:00Z,451-1-1-01,0.19,
1687344480000,2023-06-21T10:48:00Z,451-1-1-01,0.27,
1687344540000,2023-06-21T10:49:00Z,451-1-1-01,0.31,
1687344600000,2023-06-21T10:50:00Z,451-1-1-01,0.33,
1687344660000,2023-06-21T10:51:00Z,451-1-1-01,0.3,
1687344720000,2023-06-21T10:52:00Z,451-1-1-01,0.15,
1687344780000,2023-06-21T10:53:00Z,451-1-1-01,0.2,
1687344840000,2023-06-21T10:54:00Z,451-1-1-01,0.18,
1687344900000,2023-06-21T10:55:00Z,451-1-1-01,0.16,
1687344960000,2023-06-21T10:56:00Z,451-1-1-01,0.14,
1687345020000,2023-06-21T10:57:00Z,451-1-1-01,0.13,
1687345080000,2023-06-21T10:58:00Z,451-1-1-01,0.13,
1687345140000,2023-06-21T10:59:00Z,451-1-1-01,0.12,
1687345200000,2023-06-21T11:00:00Z,451-1-1-01,0.11,
1687345260000,2023-06-21T11:01:00Z,451-1-1-01,0.11,
1687345320000,2023-06-21T11:02:00Z,451-1-1-01,0.12,
1687345380000,2023-06-21T11:03:00Z,451-1-1-01,0.11,
1687345440000,2023-06-21T11:04:00Z,451-1-1-01,0.11,
1687345500000,2023-06-21T11:05:00Z,451-1-1-01,0.1,
1687345560000,2023-06-21T11:06:00Z,451-1-1-01,0.1,
1687345620000,2023-06-21T11:07:00Z,451-1-1-01,0.1,
1687345680000,2023-06-21T11:08:00Z,451-1-1-01,0.09,
1687345740000,2023-06-21T11:09:00Z,451-1-1-01,0.09,
1687345800000,2023-06-21T11:10:00Z,451-1-1-01,0.09,
1687345860000,2023-06-21T11:11:00Z,451-1-1-01,0.09,
1687345920000,2023-06-21T11:12:00Z,451-1-1-01,0.09,
1687345980000,2023-06-21T11:13:00Z,451-1-1-01,0.09,
1687346040000,2023-06-21T11:14:00Z,451-1-1-01,0.08,
1687346100000,2023-06-21T11:15:00Z,451-1-1-01,0.09,
1687346160000,2023-06-21T11:16:00Z,451-1-1-01,0.09,
1687346220000,2023-06-21T11:17:00Z,451-1-1-01,0.09,
1687346280000,2023-06-21T11:18:00Z,451-1-1-01,0.08,
1687346340000,2023-06-21T11:19:00Z,451-1-1-01,0.07,
1687346400000,2023-06-21T11:20:00Z,451-1-1-01,0.07,
1687346460000,2023-06-21T11:21:00Z,451-1-1-01,0.08,
1687346520000,2023-06-21T11:22:00Z,451-1-1-01,0.07,
1687346580000,2023-06-21T11:23:00Z,451-1-1-01,0.07,
1687346640000,2023-06-21T11:24:00Z,451-1-1-01,0.07,
1687346700000,2023-06-21T11:25:00Z,451-1-1-01,0.08,
1687346760000,2023-06-21T11:26:00Z,451-1-1-01,0.11,
1687346820000,2023-06-21T11:27:00Z,451-1-1-01,0.13,
1687346880000,2023-06-21T11:28:00Z,451-1-1-01,0.12,
1687346940000,2023-06-21T11:29:00Z,451-1-1-01,0.13,
1687347000000,2023-06-21T11:30:00Z,451-1-1-01,0.17,
1687347060000,2023-06-21T11:31:00Z,451-1-1-01,0.18,
1687347120000,2023-06-21T11:32:00Z,451-1-1-01,0.19,
1687347180000,2023-06-21T11:33:00Z,451-1-1-01,0.17,
1687347240000,2023-06-21T11:34:00Z,451-1-1-01,0.17,
1687347300000,2023-06-21T11:35:00Z,451-1-1-01,0.15,
1687347360000,2023-06-21T11:36:00Z,451-1-1-01,0.16,
1687347420000,2023-06-21T11:37:00Z,451-1-1-01,0.13,
1687347480000,2023-06-21T11:38:00Z,451-1-1-01,0.11,
1687347540000,2023-06-21T11:39:00Z,451-1-1-01,0.1,
1687347600000,2023-06-21T11:40:00Z,451-1-1-01,0.1,
1687347660000,2023-06-21T11:41:00Z,451-1-1-01,0.09,
1687347720000,2023-06-21T11:42:00Z,451-1-1-01,0.09,
1687347780000,2023-06-21T11:43:00Z,451-1-1-01,0.09,
1687347840000,2023-06-21T11:44:00Z,451-1-1-01,0.09,
1687347900000,2023-06-21T11:45:00Z,451-1-1-01,0.08,
1687347960000,2023-06-21T11:46:00Z,451-1-1-01,0.08,
1687348020000,2023-06-21T11:47:00Z,451-1-1-01,0.08,
1687348080000,2023-06-21T11:48:00Z,451-1-1-01,0.08,
1687348140000,2023-06-21T11:49:00Z,451-1-1-01,0.06,
1687348200000,2023-06-21T11:50:00Z,451-1-1-01,0.05,
1687348260000,2023-06-21T11:51:00Z,451-1-1-01,0.09,
1687348320000,2023-06-21T11:52:00Z,451-1-1-01,0.16,
1687348380000,2023-06-21T11:53:00Z,451-1-1-01,0.21,
1687348440000,2023-06-21T11:54:00Z,451-1-1-01,0.17,
1687348500000,2023-06-21T11:55:00Z,451-1-1-01,0.2,
1687348560000,2023-06-21T11:56:00Z,451-1-1-01,0.28,
1687348620000,2023-06-21T11:57:00Z,451-1-1-01,0.32,
1687348680000,2023-06-21T11:58:00Z,451-1-1-01,0.4,
1687348740000,2023-06-21T11:59:00Z,451-1-1-01,0.32,
1687348800000,2023-06-21T12:00:00Z,451-1-1-01,0.25,
1687348860000,2023-06-21T12:01:00Z,451-1-1-01,0.21,
1687348920000,2023-06-21T12:02:00Z,451-1-1-01,0.18,
1687348980000,2023-06-21T12:03:00Z,451-1-1-01,0.15,
1687349040000,2023-06-21T12:04:00Z,451-1-1-01,0.14,
1687349100000,2023-06-21T12:05:00Z,451-1-1-01,0.13,
1687349160000,2023-06-21T12:06:00Z,451-1-1-01,0.11,
1687349220000,2023-06-21T12:07:00Z,451-1-1-01,0.16,
1687349280000,2023-06-21T12:08:00Z,451-1-1-01,0.27,
1687349340000,2023-06-21T12:09:00Z,451-1-1-01,0.34,
1687349400000,2023-06-21T12:10:00Z,451-1-1-01,0.4,
1687349460000,2023-06-21T12:11:00Z,451-1-1-01,0.38,
1687349520000,2023-06-21T12:12:00Z,451-1-1-01,0.4,
1687349580000,2023-06-21T12:13:00Z,451-1-1-01,0.37,
1687349640000,2023-06-21T12:14:00Z,451-1-1-01,0.36,
1687349700000,2023-06-21T12:15:00Z,451-1-1-01,0.36,
1687349760000,2023-06-21T12:16:00Z,451-1-1-01,0.34,
1687349820000,2023-06-21T12:17:00Z,451-1-1-01,0.32,
1687349880000,2023-06-21T12:18:00Z,451-1-1-01,0.31,
1687349940000,2023-06-21T12:19:00Z,451-1-1-01,0.26,
1687350000000,2023-06-21T12:20:00Z,451-1-1-01,0.25,
1687350060000,2023-06-21T12:21:00Z,451-1-1-01,0.23,
1687350120000,2023-06-21T12:22:00Z,451-1-1-01,0.22,
1687350180000,2023-06-21T12:23:00Z,451-1-1-01,0.2,
1687350240000,2023-06-21T12:24:00Z,451-1-1-01,0.18,
1687350300000,2023-06-21T12:25:00Z,451-1-1-01,0.18,
1687350360000,2023-06-21T12:26:00Z,451-1-1-01,0.17,
1687350420000,2023-06-21T12:27:00Z,451-1-1-01,0.16,
1687350480000,2023-06-21T12:28:00Z,451-1-1-01,0.15,
1687350540000,2023-06-21T12:29:00Z,451-1-1-01,0.15,
1687350600000,2023-06-21T12:30:00Z,451-1-1-01,0.15,
1687350660000,2023-06-21T12:31:00Z,451-1-1-01,0.14,
1687350720000,2023-06-21T12:32:00Z,451-1-1-01,0.13,
1687350780000,2023-06-21T12:33:00Z,451-1-1-01,0.12,
1687350840000,2023-06-21T12:34:00Z,451-1-1-01,0.12,
1687350900000,2023-06-21T12:35:00Z,451-1-1-01,0.12,
1687350960000,2023-06-21T12:36:00Z,451-1-1-01,0.12,
1687351020000,2023-06-21T12:37:00Z,451-1-1-01,0.11,
1687351080000,2023-06-21T12:38:00Z,451-1-1-01,0.11,
1687351140000,2023-06-21T12:39:00Z,451-1-1-01,0.11,
1687351200000,2023-06-21T12:40:00Z,451-1-1-01,0.11,
1687351260000,2023-06-21T12:41:00Z,451-1-1-01,0.1,
1687351320000,2023-06-21T12:42:00Z,451-1-1-01,0.1,
1687351380000,2023-06-21T12:43:00Z,451-1-1-01,0.1,
1687351440000,2023-06-21T12:44:00Z,451-1-1-01,0.09,
1687351500000,2023-06-21T12:45:00Z,451-1-1-01,0.1,
1687351560000,2023-06-21T12:46:00Z,451-1-1-01,0.1,
1687351620000,2023-06-21T12:47:00Z,451-1-1-01,0.11,
1687351680000,2023-06-21T12:48:00Z,451-1-1-01,0.11,
1687351740000,2023-06-21T12:49:00Z,451-1-1-01,0.09,
1687351800000,2023-06-21T12:50:00Z,451-1-1-01,0.08,
1687351860000,2023-06-21T12:51:00Z,451-1-1-01,0.08,
1687351920000,2023-06-21T12:52:00Z,451-1-1-01,0.07,
1687351980000,2023-06-21T12:53:00Z,451-1-1-01,0.07,
1687352040000,2023-06-21T12:54:00Z,451-1-1-01,0.07,
1687352100000,2023-06-21T12:55:00Z,451-1-1-01,0.07,
1687352160000,2023-06-21T12:56:00Z,451-1-1-01,0.07,
1687352220000,2023-06-21T12:57:00Z,451-1-1-01,0.07,
1687352280000,2023-06-21T12:58:00Z,451-1-1-01,0.07,
1687352340000,2023-06-21T12:59:00Z,451-1-1-01,0.07,
1687352400000,2023-06-21T13:00:00Z,451-1-1-01,0.07,
1687352460000,2023-06-21T13:01:00Z,451-1-1-01,0.07,
1687352520000,2023-06-21T13:02:00Z,451-1-1-01,0.07,
1687352580000,2023-06-21T13:03:00Z,451-1-1-01,0.07,
1687352640000,2023-06-21T13:04:00Z,451-1-1-01,0.07,
1687352700000,2023-06-21T13:05:00Z,451-1-1-01,0.07,
1687352760000,2023-06-21T13:06:00Z,451-1-1-01,0.07,
1687352820000,2023-06-21T13:07:00Z,451-1-1-01,0.07,
1687352880000,2023-06-21T13:08:00Z,451-1-1-01,0.07,
1687352940000,2023-06-21T13:09:00Z,451-1-1-01,0.07,
1687353000000,2023-06-21T13:10:00Z,451-1-1-01,0.07,
1687353060000,2023-06-21T13:11:00Z,451-1-1-01,0.07,
1687353120000,2023-06-21T13:12:00Z,451-1-1-01,0.07,
1687353180000,2023-06-21T13:13:00Z,451-1-1-01,0.07,
1687353240000,2023-06-21T13:14:00Z,451-1-1-01,0.06,
1687353300000,2023-06-21T13:15:00Z,451-1-1-01,0.06,
1687353360000,2023-06-21T13:16:00Z,451-1-1-01,0.06,
1687353420000,2023-06-21T13:17:00Z,451-1-1-01,0.07,
1687353480000,2023-06-21T13:18:00Z,451-1-1-01,0.16,
1687353540000,2023-06-21T13:19:00Z,451-1-1-01,0.36,
1687353600000,2023-06-21T13:20:00Z,451-1-1-01,0.41,
1687353660000,2023-06-21T13:21:00Z,451-1-1-01,0.34,
1687353720000,2023-06-21T13:22:00Z,451-1-1-01,0.23,
1687353780000,2023-06-21T13:23:00Z,451-1-1-01,0.2,
1687353840000,2023-06-21T13:24:00Z,451-1-1-01,0.22,
1687353900000,2023-06-21T13:25:00Z,451-1-1-01,0.21,
1687353960000,2023-06-21T13:26:00Z,451-1-1-01,0.2,
1687354020000,2023-06-21T13:27:00Z,451-1-1-01,0.22,
1687354080000,2023-06-21T13:28:00Z,451-1-1-01,0.22,
1687354140000,2023-06-21T13:29:00Z,451-1-1-01,0.32,
1687354200000,2023-06-21T13:30:00Z,451-1-1-01,0.48,
1687354260000,2023-06-21T13:31:00Z,451-1-1-01,0.58,
1687354320000,2023-06-21T13:32:00Z,451-1-1-01,0.58,
1687354380000,2023-06-21T13:33:00Z,451-1-1-01,0.62,
1687354440000,2023-06-21T13:34:00Z,451-1-1-01,0.6,
1687354500000,2023-06-21T13:35:00Z,451-1-1-01,0.51,
1687354560000,2023-06-21T13:36:00Z,451-1-1-01,0.51,
1687354620000,2023-06-21T13:37:00Z,451-1-1-01,0.56,
1687354680000,2023-06-21T13:38:00Z,451-1-1-01,0.68,
1687354740000,2023-06-21T13:39:00Z,451-1-1-01,0.7,
1687354800000,2023-06-21T13:40:00Z,451-1-1-01,0.74,
1687354860000,2023-06-21T13:41:00Z,451-1-1-01,0.75,
1687354920000,2023-06-21T13:42:00Z,451-1-1-01,0.73,
1687354980000,2023-06-21T13:43:00Z,451-1-1-01,0.7,
1687355040000,2023-06-21T13:44:00Z,451-1-1-01,0.78,
1687355100000,2023-06-21T13:45:00Z,451-1-1-01,0.84,
1687355160000,2023-06-21T13:46:00Z,451-1-1-01,0.85,
1687355220000,2023-06-21T13:47:00Z,451-1-1-01,0.82,
1687355280000,2023-06-21T13:48:00Z,451-1-1-01,0.81,
1687355340000,2023-06-21T13:49:00Z,451-1-1-01,0.79,
1687355400000,2023-06-21T13:50:00Z,451-1-1-01,0.86,
1687355460000,2023-06-21T13:51:00Z,451-1-1-01,0.87,
1687355520000,2023-06-21T13:52:00Z,451-1-1-01,0.86,
1687355580000,2023-06-21T13:53:00Z,451-1-1-01,0.9,
1687355640000,2023-06-21T13:54:00Z,451-1-1-01,0.91,
1687355700000,2023-06-21T13:55:00Z,451-1-1-01,0.68,
1687355760000,2023-06-21T13:56:00Z,451-1-1-01,0.78,
1687355820000,2023-06-21T13:57:00Z,451-1-1-01,1.15,
1687355880000,2023-06-21T13:58:00Z,451-1-1-01,1.12,
1687355940000,2023-06-21T13:59:00Z,451-1-1-01,1.22,
1687356000000,2023-06-21T14:00:00Z,451-1-1-01,1.32,
1687356060000,2023-06-21T14:01:00Z,451-1-1-01,1.38,
1687356120000,2023-06-21T14:02:00Z,451-1-1-01,1.34,
1687356180000,2023-06-21T14:03:00Z,451-1-1-01,1.42,
1687356240000,2023-06-21T14:04:00Z,451-1-1-01,1.42,
1687356300000,2023-06-21T14:05:00Z,451-1-1-01,1.59,
1687356360000,2023-06-21T14:06:00Z,451-1-1-01,1.54,
1687356420000,2023-06-21T14:07:00Z,451-1-1-01,1.29,
1687356480000,2023-06-21T14:08:00Z,451-1-1-01,2.01,
1687356540000,2023-06-21T14:09:00Z,451-1-1-01,2.12,
1687356600000,2023-06-21T14:10:00Z,451-1-1-01,1.93,
1687356660000,2023-06-21T14:11:00Z,451-1-1-01,1.88,
1687356720000,2023-06-21T14:12:00Z,451-1-1-01,1.91,
1687356780000,2023-06-21T14:13:00Z,451-1-1-01,2.19,
1687356840000,2023-06-21T14:14:00Z,451-1-1-01,1.99,
1687356900000,2023-06-21T14:15:00Z,451-1-1-01,1.67,
1687356960000,2023-06-21T14:16:00Z,451-1-1-01,2.02,
1687357020000,2023-06-21T14:17:00Z,451-1-1-01,2.37,
1687357080000,2023-06-21T14:18:00Z,451-1-1-01,1.41,
1687357140000,2023-06-21T14:19:00Z,451-1-1-01,1.2,
1687357200000,2023-06-21T14:20:00Z,451-1-1-01,0.99,
1687357260000,2023-06-21T14:21:00Z,451-1-1-01,0.92,
1687357320000,2023-06-21T14:22:00Z,451-1-1-01,1.03,
1687357380000,2023-06-21T14:23:00Z,451-1-1-01,1.28,
1687357440000,2023-06-21T14:24:00Z,451-1-1-01,1.17,
1687357500000,2023-06-21T14:25:00Z,451-1-1-01,1.06,
1687357560000,2023-06-21T14:26:00Z,451-1-1-01,1.16,
1687357620000,2023-06-21T14:27:00Z,451-1-1-01,1.39,
1687357680000,2023-06-21T14:28:00Z,451-1-1-01,1.62,
1687357740000,2023-06-21T14:29:00Z,451-1-1-01,1.53,
1687357800000,2023-06-21T14:30:00Z,451-1-1-01,1.49,
1687357860000,2023-06-21T14:31:00Z,451-1-1-01,1.49,
1687357920000,2023-06-21T14:32:00Z,451-1-1-01,1.47,
1687357980000,2023-06-21T14:33:00Z,451-1-1-01,1.53,
1687358040000,2023-06-21T14:34:00Z,451-1-1-01,1.73,
1687358100000,2023-06-21T14:35:00Z,451-1-1-01,1.79,
1687358160000,2023-06-21T14:36:00Z,451-1-1-01,1.83,
1687358220000,2023-06-21T14:37:00Z,451-1-1-01,1.81,
1687358280000,2023-06-21T14:38:00Z,451-1-1-01,2.01,
1687358340000,2023-06-21T14:39:00Z,451-1-1-01,2.04,
1687358400000,2023-06-21T14:40:00Z,451-1-1-01,2.05,
1687358460000,2023-06-21T14:41:00Z,451-1-1-01,2.03,
1687358520000,2023-06-21T14:42:00Z,451-1-1-01,2.09,
1687358580000,2023-06-21T14:43:00Z,451-1-1-01,2.0,
1687358640000,2023-06-21T14:44:00Z,451-1-1-01,2.08,
1687358700000,2023-06-21T14:45:00Z,451-1-1-01,1.86,
1687358760000,2023-06-21T14:46:00Z,451-1-1-01,2.04,
1687358820000,2023-06-21T14:47:00Z,451-1-1-01,2.45,
1687358880000,2023-06-21T14:48:00Z,451-1-1-01,2.55,
1687358940000,2023-06-21T14:49:00Z,451-1-1-01,2.39,
1687359000000,2023-06-21T14:50:00Z,451-1-1-01,2.61,
1687359060000,2023-06-21T14:51:00Z,451-1-1-01,2.93,
1687359120000,2023-06-21T14:52:00Z,451-1-1-01,2.98,
1687359180000,2023-06-21T14:53:00Z,451-1-1-01,2.97,
1687359240000,2023-06-21T14:54:00Z,451-1-1-01,3.06,
1687359300000,2023-06-21T14:55:00Z,451-1-1-01,3.11,
1687359360000,2023-06-21T14:56:00Z,451-1-1-01,3.03,
1687359420000,2023-06-21T14:57:00Z,451-1-1-01,2.86,
1687359480000,2023-06-21T14:58:00Z,451-1-1-01,2.63,
1687359540000,2023-06-21T14:59:00Z,451-1-1-01,2.83,
1687359600000,2023-06-21T15:00:00Z,451-1-1-01,3.05,
1687359660000,2023-06-21T15:01:00Z,451-1-1-01,3.16,
1687359720000,2023-06-21T15:02:00Z,451-1-1-01,3.16,
1687359780000,2023-06-21T15:03:00Z,451-1-1-01,3.4,
1687359840000,2023-06-21T15:04:00Z,451-1-1-01,3.43,
1687359900000,2023-06-21T15:05:00Z,451-1-1-01,3.35,
1687359960000,2023-06-21T15:06:00Z,451-1-1-01,3.13,
1687360020000,2023-06-21T15:07:00Z,451-1-1-01,3.02,
1687360080000,2023-06-21T15:08:00Z,451-1-1-01,3.06,
1687360140000,2023-06-21T15:09:00Z,451-1-1-01,3.29,
1687360200000,2023-06-21T15:10:00Z,451-1-1-01,3.37,
1687360260000,2023-06-21T15:11:00Z,451-1-1-01,3.05,
1687360320000,2023-06-21T15:12:00Z,451-1-1-01,2.9,
1687360380000,2023-06-21T15:13:00Z,451-1-1-01,2.62,
1687360440000,2023-06-21T15:14:00Z,451-1-1-01,2.51,
1687360500000,2023-06-21T15:15:00Z,451-1-1-01,2.46,
1687360560000,2023-06-21T15:16:00Z,451-1-1-01,2.38,
1687360620000,2023-06-21T15:17:00Z,451-1-1-01,2.45,
1687360680000,2023-06-21T15:18:00Z,451-1-1-01,3.05,
1687360740000,2023-06-21T15:19:00Z,451-1-1-01,3.29,
1687360800000,2023-06-21T15:20:00Z,451-1-1-01,3.1,
1687360860000,2023-06-21T15:21:00Z,451-1-1-01,2.95,
1687360920000,2023-06-21T15:22:00Z,451-1-1-01,2.8,
1687360980000,2023-06-21T15:23:00Z,451-1-1-01,2.77,
1687361040000,2023-06-21T15:24:00Z,451-1-1-01,2.57,
1687361100000,2023-06-21T15:25:00Z,451-1-1-01,2.41,
1687361160000,2023-06-21T15:26:00Z,451-1-1-01,2.35,
1687361220000,2023-06-21T15:27:00Z,451-1-1-01,2.4,
1687361280000,2023-06-21T15:28:00Z,451-1-1-01,2.36,
1687361340000,2023-06-21T15:29:00Z,451-1-1-01,2.18,
1687361400000,2023-06-21T15:30:00Z,451-1-1-01,2.05,
1687361460000,2023-06-21T15:31:00Z,451-1-1-01,2.19,
1687361520000,2023-06-21T15:32:00Z,451-1-1-01,2.06,
1687361580000,2023-06-21T15:33:00Z,451-1-1-01,2.04,
1687361640000,2023-06-21T15:34:00Z,451-1-1-01,1.89,
1687361700000,2023-06-21T15:35:00Z,451-1-1-01,1.77,
1687361760000,2023-06-21T15:36:00Z,451-1-1-01,1.57,
1687361820000,2023-06-21T15:37:00Z,451-1-1-01,1.61,
1687361880000,2023-06-21T15:38:00Z,451-1-1-01,1.52,
1687361940000,2023-06-21T15:39:00Z,451-1-1-01,1.5,
1687362000000,2023-06-21T15:40:00Z,451-1-1-01,1.48,
1687362060000,2023-06-21T15:41:00Z,451-1-1-01,1.42,
1687362120000,2023-06-21T15:42:00Z,451-1-1-01,1.42,
1687362180000,2023-06-21T15:43:00Z,451-1-1-01,1.48,
1687362240000,2023-06-21T15:44:00Z,451-1-1-01,1.5,
1687362300000,2023-06-21T15:45:00Z,451-1-1-01,2.01,
1687362360000,2023-06-21T15:46:00Z,451-1-1-01,1.85,
1687362420000,2023-06-21T15:47:00Z,451-1-1-01,1.68,
1687362480000,2023-06-21T15:48:00Z,451-1-1-01,1.6,
1687362540000,2023-06-21T15:49:00Z,451-1-1-01,1.45,
1687362600000,2023-06-21T15:50:00Z,451-1-1-01,2.03,
1687362660000,2023-06-21T15:51:00Z,451-1-1-01,2.28,
1687362720000,2023-06-21T15:52:00Z,451-1-1-01,2.32,
1687362780000,2023-06-21T15:53:00Z,451-1-1-01,2.3,
1687362840000,2023-06-21T15:54:00Z,451-1-1-01,2.34,
1687362900000,2023-06-21T15:55:00Z,451-1-1-01,2.32,
1687362960000,2023-06-21T15:56:00Z,451-1-1-01,2.07,
1687363020000,2023-06-21T15:57:00Z,451-1-1-01,2.16,
1687363080000,2023-06-21T15:58:00Z,451-1-1-01,1.81,
1687363140000,2023-06-21T15:59:00Z,451-1-1-01,2.14,
1687363200000,2023-06-21T16:00:00Z,451-1-1-01,2.17,
1687363260000,2023-06-21T16:01:00Z,451-1-1-01,2.1,
1687363320000,2023-06-21T16:02:00Z,451-1-1-01,2.37,
1687363380000,2023-06-21T16:03:00Z,451-1-1-01,2.41,
1687363440000,2023-06-21T16:04:00Z,451-1-1-01,2.41,
1687363500000,2023-06-21T16:05:00Z,451-1-1-01,2.45,
1687363560000,2023-06-21T16:06:00Z,451-1-1-01,2.59,
1687363620000,2023-06-21T16:07:00Z,451-1-1-01,2.78,
1687363680000,2023-06-21T16:08:00Z,451-1-1-01,2.8,
1687363740000,2023-06-21T16:09:00Z,451-1-1-01,2.87,
1687363800000,2023-06-21T16:10:00Z,451-1-1-01,2.88,
1687363860000,2023-06-21T16:11:00Z,451-1-1-01,3.06,
1687363920000,2023-06-21T16:12:00Z,451-1-1-01,3.01,
1687363980000,2023-06-21T16:13:00Z,451-1-1-01,2.93,
1687364040000,2023-06-21T16:14:00Z,451-1-1-01,2.93,
1687364100000,2023-06-21T16:15:00Z,451-1-1-01,2.91,
1687364160000,2023-06-21T16:16:00Z,451-1-1-01,2.75,
1687364220000,2023-06-21T16:17:00Z,451-1-1-01,3.03,
1687364280000,2023-06-21T16:18:00Z,451-1-1-01,2.99,
1687364340000,2023-06-21T16:19:00Z,451-1-1-01,2.67,
1687364400000,2023-06-21T16:20:00Z,451-1-1-01,2.63,
1687364460000,2023-06-21T16:21:00Z,451-1-1-01,2.6,
1687364520000,2023-06-21T16:22:00Z,451-1-1-01,2.47,
1687364580000,2023-06-21T16:23:00Z,451-1-1-01,2.4,
1687364640000,2023-06-21T16:24:00Z,451-1-1-01,2.36,
1687364700000,2023-06-21T16:25:00Z,451-1-1-01,2.42,
1687364760000,2023-06-21T16:26:00Z,451-1-1-01,2.77,
1687364820000,2023-06-21T16:27:00Z,451-1-1-01,2.75,
1687364880000,2023-06-21T16:28:00Z,451-1-1-01,2.62,
1687364940000,2023-06-21T16:29:00Z,451-1-1-01,2.95,
1687365000000,2023-06-21T16:30:00Z,451-1-1-01,2.93,
1687365060000,2023-06-21T16:31:00Z,451-1-1-01,2.93,
1687365120000,2023-06-21T16:32:00Z,451-1-1-01,2.91,
1687365180000,2023-06-21T16:33:00Z,451-1-1-01,3.03,
1687365240000,2023-06-21T16:34:00Z,451-1-1-01,3.04,
1687365300000,2023-06-21T16:35:00Z,451-1-1-01,3.16,
1687365360000,2023-06-21T16:36:00Z,451-1-1-01,3.01,
1687365420000,2023-06-21T16:37:00Z,451-1-1-01,2.78,
1687365480000,2023-06-21T16:38:00Z,451-1-1-01,2.89,
1687365540000,2023-06-21T16:39:00Z,451-1-1-01,3.04,
1687365600000,2023-06-21T16:40:00Z,451-1-1-01,3.11,
1687365660000,2023-06-21T16:41:00Z,451-1-1-01,2.91,
1687365720000,2023-06-21T16:42:00Z,451-1-1-01,3.22,
1687365780000,2023-06-21T16:43:00Z,451-1-1-01,3.41,
1687365840000,2023-06-21T16:44:00Z,451-1-1-01,3.46,
1687365900000,2023-06-21T16:45:00Z,451-1-1-01,3.06,
1687365960000,2023-06-21T16:46:00Z,451-1-1-01,3.02,
1687366020000,2023-06-21T16:47:00Z,451-1-1-01,3.01,
1687366080000,2023-06-21T16:48:00Z,451-1-1-01,3.03,
1687366140000,2023-06-21T16:49:00Z,451-1-1-01,3.04,
1687366200000,2023-06-21T16:50:00Z,451-1-1-01,3.16,
1687366260000,2023-06-21T16:51:00Z,451-1-1-01,3.04,
1687366320000,2023-06-21T16:52:00Z,451-1-1-01,3.01,
1687366380000,2023-06-21T16:53:00Z,451-1-1-01,2.79,
1687366440000,2023-06-21T16:54:00Z,451-1-1-01,2.73,
1687366500000,2023-06-21T16:55:00Z,451-1-1-01,2.74,
1687366560000,2023-06-21T16:56:00Z,451-1-1-01,3.07,
1687366620000,2023-06-21T16:57:00Z,451-1-1-01,2.96,
1687366680000,2023-06-21T16:58:00Z,451-1-1-01,2.84,
1687366740000,2023-06-21T16:59:00Z,451-1-1-01,2.59,
1687366800000,2023-06-21T17:00:00Z,451-1-1-01,2.6,
1687366860000,2023-06-21T17:01:00Z,451-1-1-01,2.63,
1687366920000,2023-06-21T17:02:00Z,451-1-1-01,2.81,
1687366980000,2023-06-21T17:03:00Z,451-1-1-01,2.75,
1687367040000,2023-06-21T17:04:00Z,451-1-1-01,2.73,
1687367100000,2023-06-21T17:05:00Z,451-1-1-01,2.56,
1687367160000,2023-06-21T17:06:00Z,451-1-1-01,2.71,
1687367220000,2023-06-21T17:07:00Z,451-1-1-01,2.74,
1687367280000,2023-06-21T17:08:00Z,451-1-1-01,2.54,
1687367340000,2023-06-21T17:09:00Z,451-1-1-01,2.57,
1687367400000,2023-06-21T17:10:00Z,451-1-1-01,2.44,
1687367460000,2023-06-21T17:11:00Z,451-1-1-01,2.46,
1687367520000,2023-06-21T17:12:00Z,451-1-1-01,2.49,
1687367580000,2023-06-21T17:13:00Z,451-1-1-01,2.6,
1687367640000,2023-06-21T17:14:00Z,451-1-1-01,2.7,
1687367700000,2023-06-21T17:15:00Z,451-1-1-01,2.66,
1687367760000,2023-06-21T17:16:00Z,451-1-1-01,2.73,
1687367820000,2023-06-21T17:17:00Z,451-1-1-01,2.87,
1687367880000,2023-06-21T17:18:00Z,451-1-1-01,3.01,
1687367940000,2023-06-21T17:19:00Z,451-1-1-01,2.95,
1687368000000,2023-06-21T17:20:00Z,451-1-1-01,2.82,
1687368060000,2023-06-21T17:21:00Z,451-1-1-01,2.7,
1687368120000,2023-06-21T17:22:00Z,451-1-1-01,2.66,
1687368180000,2023-06-21T17:23:00Z,451-1-1-01,2.48,
1687368240000,2023-06-21T17:24:00Z,451-1-1-01,2.21,
1687368300000,2023-06-21T17:25:00Z,451-1-1-01,2.17,
1687368360000,2023-06-21T17:26:00Z,451-1-1-01,2.16,
1687368420000,2023-06-21T17:27:00Z,451-1-1-01,2.3,
1687368480000,2023-06-21T17:28:00Z,451-1-1-01,2.28,
1687368540000,2023-06-21T17:29:00Z,451-1-1-01,2.47,
1687368600000,2023-06-21T17:30:00Z,451-1-1-01,2.5,
1687368660000,2023-06-21T17:31:00Z,451-1-1-01,1.94,
1687368720000,2023-06-21T17:32:00Z,451-1-1-01,2.22,
1687368780000,2023-06-21T17:33:00Z,451-1-1-01,2.42,
1687368840000,2023-06-21T17:34:00Z,451-1-1-01,2.18,
1687368900000,2023-06-21T17:35:00Z,451-1-1-01,2.41,
1687368960000,2023-06-21T17:36:00Z,451-1-1-01,2.68,
1687369020000,2023-06-21T17:37:00Z,451-1-1-01,2.28,
1687369080000,2023-06-21T17:38:00Z,451-1-1-01,2.64,
1687369140000,2023-06-21T17:39:00Z,451-1-1-01,2.52,
1687369200000,2023-06-21T17:40:00Z,451-1-1-01,2.5,
1687369260000,2023-06-21T17:41:00Z,451-1-1-01,2.64,
1687369320000,2023-06-21T17:42:00Z,451-1-1-01,2.52,
1687369380000,2023-06-21T17:43:00Z,451-1-1-01,2.48,
1687369440000,2023-06-21T17:44:00Z,451-1-1-01,2.57,
1687369500000,2023-06-21T17:45:00Z,451-1-1-01,2.52,
1687369560000,2023-06-21T17:46:00Z,451-1-1-01,2.13,
1687369620000,2023-06-21T17:47:00Z,451-1-1-01,0.65,
1687369680000,2023-06-21T17:48:00Z,451-1-1-01,0.76,
1687369740000,2023-06-21T17:49:00Z,451-1-1-01,0.54,
1687369800000,2023-06-21T17:50:00Z,451-1-1-01,0.46,
1687369860000,2023-06-21T17:51:00Z,451-1-1-01,0.41,
1687369920000,2023-06-21T17:52:00Z,451-1-1-01,0.38,
1687369980000,2023-06-21T17:53:00Z,451-1-1-01,0.34,
1687370040000,2023-06-21T17:54:00Z,451-1-1-01,0.32,
1687370100000,2023-06-21T17:55:00Z,451-1-1-01,0.3,
1687370160000,2023-06-21T17:56:00Z,451-1-1-01,0.28,
1687370220000,2023-06-21T17:57:00Z,451-1-1-01,0.26,
1687370280000,2023-06-21T17:58:00Z,451-1-1-01,0.25,
1687370340000,2023-06-21T17:59:00Z,451-1-1-01,0.25,
1687370400000,2023-06-21T18:00:00Z,451-1-1-01,0.25,
1687370460000,2023-06-21T18:01:00Z,451-1-1-01,0.24,
1687370520000,2023-06-21T18:02:00Z,451-1-1-01,0.24,
1687370580000,2023-06-21T18:03:00Z,451-1-1-01,0.24,
1687370640000,2023-06-21T18:04:00Z,451-1-1-01,0.26,
1687370700000,2023-06-21T18:05:00Z,451-1-1-01,0.25,
1687370760000,2023-06-21T18:06:00Z,451-1-1-01,0.26,
1687370820000,2023-06-21T18:07:00Z,451-1-1-01,0.25,
1687370880000,2023-06-21T18:08:00Z,451-1-1-01,0.25,
1687370940000,2023-06-21T18:09:00Z,451-1-1-01,0.25,
1687371000000,2023-06-21T18:10:00Z,451-1-1-01,0.26,
1687371060000,2023-06-21T18:11:00Z,451-1-1-01,0.26,
1687371120000,2023-06-21T18:12:00Z,451-1-1-01,0.25,
1687371180000,2023-06-21T18:13:00Z,451-1-1-01,0.25,
1687371240000,2023-06-21T18:14:00Z,451-1-1-01,0.25,
1687371300000,2023-06-21T18:15:00Z,451-1-1-01,0.26,
1687371360000,2023-06-21T18:16:00Z,451-1-1-01,0.27,
1687371420000,2023-06-21T18:17:00Z,451-1-1-01,0.28,
1687371480000,2023-06-21T18:18:00Z,451-1-1-01,0.29,
1687371540000,2023-06-21T18:19:00Z,451-1-1-01,0.29,
1687371600000,2023-06-21T18:20:00Z,451-1-1-01,0.29,
1687371660000,2023-06-21T18:21:00Z,451-1-1-01,0.28,
1687371720000,2023-06-21T18:22:00Z,451-1-1-01,0.25,
1687371780000,2023-06-21T18:23:00Z,451-1-1-01,0.27,
1687371840000,2023-06-21T18:24:00Z,451-1-1-01,0.26,
1687371900000,2023-06-21T18:25:00Z,451-1-1-01,0.25,
1687371960000,2023-06-21T18:26:00Z,451-1-1-01,0.27,
1687372020000,2023-06-21T18:27:00Z,451-1-1-01,0.27,
1687372080000,2023-06-21T18:28:00Z,451-1-1-01,0.28,
1687372140000,2023-06-21T18:29:00Z,451-1-1-01,0.29,
1687372200000,2023-06-21T18:30:00Z,451-1-1-01,0.3,
1687372260000,2023-06-21T18:31:00Z,451-1-1-01,0.3,
1687372320000,2023-06-21T18:32:00Z,451-1-1-01,0.3,
1687372380000,2023-06-21T18:33:00Z,451-1-1-01,0.3,
1687372440000,2023-06-21T18:34:00Z,451-1-1-01,0.3,
1687372500000,2023-06-21T18:35:00Z,451-1-1-01,0.3,
1687372560000,2023-06-21T18:36:00Z,451-1-1-01,0.3,
1687372620000,2023-06-21T18:37:00Z,451-1-1-01,0.3,
1687372680000,2023-06-21T18:38:00Z,451-1-1-01,0.31,
1687372740000,2023-06-21T18:39:00Z,451-1-1-01,0.32,
1687372800000,2023-06-21T18:40:00Z,451-1-1-01,0.32,
1687372860000,2023-06-21T18:41:00Z,451-1-1-01,0.31,
1687372920000,2023-06-21T18:42:00Z,451-1-1-01,0.32,
1687372980000,2023-06-21T18:43:00Z,451-1-1-01,0.32,
1687373040000,2023-06-21T18:44:00Z,451-1-1-01,0.32,
1687373100000,2023-06-21T18:45:00Z,451-1-1-01,0.32,
1687373160000,2023-06-21T18:46:00Z,451-1-1-01,0.32,
1687373220000,2023-06-21T18:47:00Z,451-1-1-01,0.31,
1687373280000,2023-06-21T18:48:00Z,451-1-1-01,0.31,
1687373340000,2023-06-21T18:49:00Z,451-1-1-01,0.31,
1687373400000,2023-06-21T18:50:00Z,451-1-1-01,0.32,
1687373460000,2023-06-21T18:51:00Z,451-1-1-01,0.32,
1687373520000,2023-06-21T18:52:00Z,451-1-1-01,0.32,
1687373580000,2023-06-21T18:53:00Z,451-1-1-01,0.32,
1687373640000,2023-06-21T18:54:00Z,451-1-1-01,0.32,
1687373700000,2023-06-21T18:55:00Z,451-1-1-01,0.32,
1687373760000,2023-06-21T18:56:00Z,451-1-1-01,0.32,
1687373820000,2023-06-21T18:57:00Z,451-1-1-01,0.32,
1687373880000,2023-06-21T18:58:00Z,451-1-1-01,0.3,
1687373940000,2023-06-21T18:59:00Z,451-1-1-01,0.3,
1687374000000,2023-06-21T19:00:00Z,451-1-1-01,0.3,
1687374060000,2023-06-21T19:01:00Z,451-1-1-01,,device_not_recording
1687374120000,2023-06-21T19:02:00Z,451-1-1-01,,device_not_recording
1687374180000,2023-06-21T19:03:00Z,451-1-1-01,,device_not_recording
1687374240000,2023-06-21T19:04:00Z,451-1-1-01,,device_not_recording
1687374300000,2023-06-21T19:05:00Z,451-1-1-01,,device_not_recording
1687374360000,2023-06-21T19:06:00Z,451-1-1-01,,device_not_recording
1687374420000,2023-06-21T19:07:00Z,451-1-1-01,,device_not_recording
1687374480000,2023-06-21T19:08:00Z,451-1-1-01,,device_not_recording
1687374540000,2023-06-21T19:09:00Z,451-1-1-01,,device_not_recording
1687374600000,2023-06-21T19:10:00Z,451-1-1-01,,device_not_recording
1687374660000,2023-06-21T19:11:00Z,451-1-1-01,,device_not_recording
1687374720000,2023-06-21T19:12:00Z,451-1-1-01,,device_not_recording
1687374780000,2023-06-21T19:13:00Z,451-1-1-01,,device_not_recording
1687374840000,2023-06-21T19:14:00Z,451-1-1-01,,device_not_recording
1687374900000,2023-06-21T19:15:00Z,451-1-1-01,,device_not_recording
1687374960000,2023-06-21T19:16:00Z,451-1-1-01,,device_not_recording
1687375020000,2023-06-21T19:17:00Z,451-1-1-01,,device_not_recording
1687375080000,2023-06-21T19:18:00Z,451-1-1-01,,device_not_recording
1687375140000,2023-06-21T19:19:00Z,451-1-1-01,,device_not_recording
1687375200000,2023-06-21T19:20:00Z,451-1-1-01,,device_not_recording
1687375260000,2023-06-21T19:21:00Z,451-1-1-01,,device_not_recording
1687375320000,2023-06-21T19:22:00Z,451-1-1-01,,device_not_recording
1687375380000,2023-06-21T19:23:00Z,451-1-1-01,,device_not_recording
1687375440000,2023-06-21T19:24:00Z,451-1-1-01,,device_not_recording
1687375500000,2023-06-21T19:25:00Z,451-1-1-01,,device_not_recording
1687375560000,2023-06-21T19:26:00Z,451-1-1-01,,device_not_recording
1687375620000,2023-06-21T19:27:00Z,451-1-1-01,,device_not_recording
1687375680000,2023-06-21T19:28:00Z,451-1-1-01,,device_not_recording
1687375740000,2023-06-21T19:29:00Z,451-1-1-01,,device_not_recording
1687375800000,2023-06-21T19:30:00Z,451-1-1-01,,device_not_recording
1687375860000,2023-06-21T19:31:00Z,451-1-1-01,,device_not_recording
1687375920000,2023-06-21T19:32:00Z,451-1-1-01,,device_not_recording
1687375980000,2023-06-21T19:33:00Z,451-1-1-01,,device_not_recording
1687376040000,2023-06-21T19:34:00Z,451-1-1-01,,device_not_recording
1687376100000,2023-06-21T19:35:00Z,451-1-1-01,,device_not_recording
1687376160000,2023-06-21T19:36:00Z,451-1-1-01,,device_not_recording
1687376220000,2023-06-21T19:37:00Z,451-1-1-01,,device_not_recording
1687376280000,2023-06-21T19:38:00Z,451-1-1-01,,device_not_recording
1687376340000,2023-06-21T19:39:00Z,451-1-1-01,,device_not_recording
1687376400000,2023-06-21T19:40:00Z,451-1-1-01,,device_not_recording
1687376460000,2023-06-21T19:41:00Z,451-1-1-01,,device_not_recording
1687376520000,2023-06-21T19:42:00Z,451-1-1-01,,device_not_recording
1687376580000,2023-06-21T19:43:00Z,451-1-1-01,,device_not_recording
1687376640000,2023-06-21T19:44:00Z,451-1-1-01,,device_not_recording
1687376700000,2023-06-21T19:45:00Z,451-1-1-01,,device_not_recording
1687376760000,2023-06-21T19:46:00Z,451-1-1-01,,device_not_recording
1687376820000,2023-06-21T19:47:00Z,451-1-1-01,,device_not_recording
1687376880000,2023-06-21T19:48:00Z,451-1-1-01,,device_not_recording
1687376940000,2023-06-21T19:49:00Z,451-1-1-01,,device_not_recording
1687377000000,2023-06-21T19:50:00Z,451-1-1-01,,device_not_recording
1687377060000,2023-06-21T19:51:00Z,451-1-1-01,,device_not_recording
1687377120000,2023-06-21T19:52:00Z,451-1-1-01,,device_not_recording
1687377180000,2023-06-21T19:53:00Z,451-1-1-01,,device_not_recording
1687377240000,2023-06-21T19:54:00Z,451-1-1-01,,device_not_recording
1687377300000,2023-06-21T19:55:00Z,451-1-1-01,,device_not_recording
1687377360000,2023-06-21T19:56:00Z,451-1-1-01,,device_not_recording
1687377420000,2023-06-21T19:57:00Z,451-1-1-01,,device_not_recording
1687377480000,2023-06-21T19:58:00Z,451-1-1-01,,device_not_recording
1687377540000,2023-06-21T19:59:00Z,451-1-1-01,,device_not_recording
1687377600000,2023-06-21T20:00:00Z,451-1-1-01,,device_not_recording
1687377660000,2023-06-21T20:01:00Z,451-1-1-01,,device_not_recording
1687377720000,2023-06-21T20:02:00Z,451-1-1-01,,device_not_recording
1687377780000,2023-06-21T20:03:00Z,451-1-1-01,,device_not_recording
1687377840000,2023-06-21T20:04:00Z,451-1-1-01,,device_not_recording
1687377900000,2023-06-21T20:05:00Z,451-1-1-01,,device_not_recording
1687377960000,2023-06-21T20:06:00Z,451-1-1-01,,device_not_recording
1687378020000,2023-06-21T20:07:00Z,451-1-1-01,,device_not_recording
1687378080000,2023-06-21T20:08:00Z,451-1-1-01,,device_not_recording
1687378140000,2023-06-21T20:09:00Z,451-1-1-01,,device_not_recording
1687378200000,2023-06-21T20:10:00Z,451-1-1-01,,device_not_recording
1687378260000,2023-06-21T20:11:00Z,451-1-1-01,,device_not_recording
1687378320000,2023-06-21T20:12:00Z,451-1-1-01,,device_not_recording
1687378380000,2023-06-21T20:13:00Z,451-1-1-01,,device_not_recording
1687378440000,2023-06-21T20:14:00Z,451-1-1-01,,device_not_recording
1687378500000,2023-06-21T20:15:00Z,451-1-1-01,,device_not_recording
1687378560000,2023-06-21T20:16:00Z,451-1-1-01,,device_not_recording
1687378620000,2023-06-21T20:17:00Z,451-1-1-01,,device_not_recording
1687378680000,2023-06-21T20:18:00Z,451-1-1-01,,device_not_recording
1687378740000,2023-06-21T20:19:00Z,451-1-1-01,,device_not_recording
1687378800000,2023-06-21T20:20:00Z,451-1-1-01,,device_not_recording
1687378860000,2023-06-21T20:21:00Z,451-1-1-01,,device_not_recording
1687378920000,2023-06-21T20:22:00Z,451-1-1-01,,device_not_recording
1687378980000,2023-06-21T20:23:00Z,451-1-1-01,,device_not_recording
1687379040000,2023-06-21T20:24:00Z,451-1-1-01,,device_not_recording
1687379100000,2023-06-21T20:25:00Z,451-1-1-01,,device_not_recording
1687379160000,2023-06-21T20:26:00Z,451-1-1-01,,device_not_recording
1687379220000,2023-06-21T20:27:00Z,451-1-1-01,,device_not_recording
1687379280000,2023-06-21T20:28:00Z,451-1-1-01,,device_not_recording
1687379340000,2023-06-21T20:29:00Z,451-1-1-01,,device_not_recording
1687379400000,2023-06-21T20:30:00Z,451-1-1-01,,device_not_recording
1687379460000,2023-06-21T20:31:00Z,451-1-1-01,,device_not_recording
1687379520000,2023-06-21T20:32:00Z,451-1-1-01,,device_not_recording
1687379580000,2023-06-21T20:33:00Z,451-1-1-01,,device_not_recording
1687379640000,2023-06-21T20:34:00Z,451-1-1-01,,device_not_recording
1687379700000,2023-06-21T20:35:00Z,451-1-1-01,,device_not_recording
1687379760000,2023-06-21T20:36:00Z,451-1-1-01,,device_not_recording
1687379820000,2023-06-21T20:37:00Z,451-1-1-01,,device_not_recording
1687379880000,2023-06-21T20:38:00Z,451-1-1-01,,device_not_recording
1687379940000,2023-06-21T20:39:00Z,451-1-1-01,,device_not_recording
1687380000000,2023-06-21T20:40:00Z,451-1-1-01,,device_not_recording
1687380060000,2023-06-21T20:41:00Z,451-1-1-01,,device_not_recording
1687380120000,2023-06-21T20:42:00Z,451-1-1-01,,device_not_recording
1687380180000,2023-06-21T20:43:00Z,451-1-1-01,,device_not_recording
1687380240000,2023-06-21T20:44:00Z,451-1-1-01,,device_not_recording
1687380300000,2023-06-21T20:45:00Z,451-1-1-01,,device_not_recording
1687380360000,2023-06-21T20:46:00Z,451-1-1-01,,device_not_recording
1687380420000,2023-06-21T20:47:00Z,451-1-1-01,,device_not_recording
1687380480000,2023-06-21T20:48:00Z,451-1-1-01,,device_not_recording
1687380540000,2023-06-21T20:49:00Z,451-1-1-01,,device_not_recording
1687380600000,2023-06-21T20:50:00Z,451-1-1-01,,device_not_recording
1687380660000,2023-06-21T20:51:00Z,451-1-1-01,,device_not_recording
1687380720000,2023-06-21T20:52:00Z,451-1-1-01,,device_not_recording
1687380780000,2023-06-21T20:53:00Z,451-1-1-01,,device_not_recording
1687380840000,2023-06-21T20:54:00Z,451-1-1-01,,device_not_recording
1687380900000,2023-06-21T20:55:00Z,451-1-1-01,,device_not_recording
1687380960000,2023-06-21T20:56:00Z,451-1-1-01,,device_not_recording
1687381020000,2023-06-21T20:57:00Z,451-1-1-01,,device_not_recording
1687381080000,2023-06-21T20:58:00Z,451-1-1-01,,device_not_recording
1687381140000,2023-06-21T20:59:00Z,451-1-1-01,,device_not_recording
1687381200000,2023-06-21T21:00:00Z,451-1-1-01,,device_not_recording
1687381260000,2023-06-21T21:01:00Z,451-1-1-01,,device_not_recording
1687381320000,2023-06-21T21:02:00Z,451-1-1-01,,device_not_recording
1687381380000,2023-06-21T21:03:00Z,451-1-1-01,,device_not_recording
1687381440000,2023-06-21T21:04:00Z,451-1-1-01,,device_not_recording
1687381500000,2023-06-21T21:05:00Z,451-1-1-01,,device_not_recording
1687381560000,2023-06-21T21:06:00Z,451-1-1-01,,device_not_recording
1687381620000,2023-06-21T21:07:00Z,451-1-1-01,,device_not_recording
1687381680000,2023-06-21T21:08:00Z,451-1-1-01,,device_not_recording
1687381740000,2023-06-21T21:09:00Z,451-1-1-01,,device_not_recording
1687381800000,2023-06-21T21:10:00Z,451-1-1-01,,device_not_recording
1687381860000,2023-06-21T21:11:00Z,451-1-1-01,,device_not_recording
1687381920000,2023-06-21T21:12:00Z,451-1-1-01,,device_not_recording
1687381980000,2023-06-21T21:13:00Z,451-1-1-01,,device_not_recording
1687382040000,2023-06-21T21:14:00Z,451-1-1-01,,device_not_recording
1687382100000,2023-06-21T21:15:00Z,451-1-1-01,,device_not_recording
1687382160000,2023-06-21T21:16:00Z,451-1-1-01,,device_not_recording
1687382220000,2023-06-21T21:17:00Z,451-1-1-01,,device_not_recording
1687382280000,2023-06-21T21:18:00Z,451-1-1-01,,device_not_recording
1687382340000,2023-06-21T21:19:00Z,451-1-1-01,,device_not_recording
1687382400000,2023-06-21T21:20:00Z,451-1-1-01,,device_not_recording
1687382460000,2023-06-21T21:21:00Z,451-1-1-01,,device_not_recording
1687382520000,2023-06-21T21:22:00Z,451-1-1-01,,device_not_recording
1687382580000,2023-06-21T21:23:00Z,451-1-1-01,,device_not_recording
1687382640000,2023-06-21T21:24:00Z,451-1-1-01,,device_not_recording
1687382700000,2023-06-21T21:25:00Z,451-1-1-01,,device_not_recording
1687382760000,2023-06-21T21:26:00Z,451-1-1-01,,device_not_recording
1687382820000,2023-06-21T21:27:00Z,451-1-1-01,,device_not_recording
1687382880000,2023-06-21T21:28:00Z,451-1-1-01,,device_not_recording
1687382940000,2023-06-21T21:29:00Z,451-1-1-01,,device_not_recording
1687383000000,2023-06-21T21:30:00Z,451-1-1-01,,device_not_recording
1687383060000,2023-06-21T21:31:00Z,451-1-1-01,,device_not_recording
1687383120000,2023-06-21T21:32:00Z,451-1-1-01,,device_not_recording
1687383180000,2023-06-21T21:33:00Z,451-1-1-01,,device_not_recording
1687383240000,2023-06-21T21:34:00Z,451-1-1-01,,device_not_recording
1687383300000,2023-06-21T21:35:00Z,451-1-1-01,,device_not_recording
1687383360000,2023-06-21T21:36:00Z,451-1-1-01,,device_not_recording
1687383420000,2023-06-21T21:37:00Z,451-1-1-01,,device_not_recording
1687383480000,2023-06-21T21:38:00Z,451-1-1-01,,device_not_recording
1687383540000,2023-06-21T21:39:00Z,451-1-1-01,,device_not_recording
1687383600000,2023-06-21T21:40:00Z,451-1-1-01,,device_not_recording
1687383660000,2023-06-21T21:41:00Z,451-1-1-01,,device_not_recording
1687383720000,2023-06-21T21:42:00Z,451-1-1-01,,device_not_recording
1687383780000,2023-06-21T21:43:00Z,451-1-1-01,,device_not_recording
1687383840000,2023-06-21T21:44:00Z,451-1-1-01,,device_not_recording
1687383900000,2023-06-21T21:45:00Z,451-1-1-01,,device_not_recording
1687383960000,2023-06-21T21:46:00Z,451-1-1-01,,device_not_recording
1687384020000,2023-06-21T21:47:00Z,451-1-1-01,,device_not_recording
1687384080000,2023-06-21T21:48:00Z,451-1-1-01,,device_not_recording
1687384140000,2023-06-21T21:49:00Z,451-1-1-01,,device_not_recording
1687384200000,2023-06-21T21:50:00Z,451-1-1-01,,device_not_recording
1687384260000,2023-06-21T21:51:00Z,451-1-1-01,,device_not_recording
1687384320000,2023-06-21T21:52:00Z,451-1-1-01,,device_not_recording
1687384380000,2023-06-21T21:53:00Z,451-1-1-01,,device_not_recording
1687384440000,2023-06-21T21:54:00Z,451-1-1-01,,device_not_recording
1687384500000,2023-06-21T21:55:00Z,451-1-1-01,,device_not_recording
1687384560000,2023-06-21T21:56:00Z,451-1-1-01,,device_not_recording
1687384620000,2023-06-21T21:57:00Z,451-1-1-01,,device_not_recording
1687384680000,2023-06-21T21:58:00Z,451-1-1-01,,device_not_recording
1687384740000,2023-06-21T21:59:00Z,451-1-1-01,,device_not_recording
1687384800000,2023-06-21T22:00:00Z,451-1-1-01,,device_not_recording
1687384860000,2023-06-21T22:01:00Z,451-1-1-01,,device_not_recording
1687384920000,2023-06-21T22:02:00Z,451-1-1-01,,device_not_recording
1687384980000,2023-06-21T22:03:00Z,451-1-1-01,,device_not_recording
1687385040000,2023-06-21T22:04:00Z,451-1-1-01,,device_not_recording
1687385100000,2023-06-21T22:05:00Z,451-1-1-01,,device_not_recording
1687385160000,2023-06-21T22:06:00Z,451-1-1-01,,device_not_recording
1687385220000,2023-06-21T22:07:00Z,451-1-1-01,,device_not_recording
1687385280000,2023-06-21T22:08:00Z,451-1-1-01,,device_not_recording
1687385340000,2023-06-21T22:09:00Z,451-1-1-01,,device_not_recording
1687385400000,2023-06-21T22:10:00Z,451-1-1-01,,device_not_recording
1687385460000,2023-06-21T22:11:00Z,451-1-1-01,,device_not_recording
1687385520000,2023-06-21T22:12:00Z,451-1-1-01,,device_not_recording
1687385580000,2023-06-21T22:13:00Z,451-1-1-01,,device_not_recording
1687385640000,2023-06-21T22:14:00Z,451-1-1-01,,device_not_recording
1687385700000,2023-06-21T22:15:00Z,451-1-1-01,,device_not_recording
1687385760000,2023-06-21T22:16:00Z,451-1-1-01,,device_not_recording
1687385820000,2023-06-21T22:17:00Z,451-1-1-01,,device_not_recording
1687385880000,2023-06-21T22:18:00Z,451-1-1-01,,device_not_recording
1687385940000,2023-06-21T22:19:00Z,451-1-1-01,,device_not_recording
1687386000000,2023-06-21T22:20:00Z,451-1-1-01,,device_not_recording
1687386060000,2023-06-21T22:21:00Z,451-1-1-01,,device_not_recording
1687386120000,2023-06-21T22:22:00Z,451-1-1-01,,device_not_recording
1687386180000,2023-06-21T22:23:00Z,451-1-1-01,,device_not_recording
1687386240000,2023-06-21T22:24:00Z,451-1-1-01,,device_not_recording
1687386300000,2023-06-21T22:25:00Z,451-1-1-01,,device_not_recording
1687386360000,2023-06-21T22:26:00Z,451-1-1-01,,device_not_recording
1687386420000,2023-06-21T22:27:00Z,451-1-1-01,,device_not_recording
1687386480000,2023-06-21T22:28:00Z,451-1-1-01,,device_not_recording
1687386540000,2023-06-21T22:29:00Z,451-1-1-01,,device_not_recording
1687386600000,2023-06-21T22:30:00Z,451-1-1-01,,device_not_recording
1687386660000,2023-06-21T22:31:00Z,451-1-1-01,,device_not_recording
1687386720000,2023-06-21T22:32:00Z,451-1-1-01,,device_not_recording
1687386780000,2023-06-21T22:33:00Z,451-1-1-01,,device_not_recording
1687386840000,2023-06-21T22:34:00Z,451-1-1-01,,device_not_recording
1687386900000,2023-06-21T22:35:00Z,451-1-1-01,,device_not_recording
1687386960000,2023-06-21T22:36:00Z,451-1-1-01,,device_not_recording
1687387020000,2023-06-21T22:37:00Z,451-1-1-01,,device_not_recording
1687387080000,2023-06-21T22:38:00Z,451-1-1-01,,device_not_recording
1687387140000,2023-06-21T22:39:00Z,451-1-1-01,,device_not_recording
1687387200000,2023-06-21T22:40:00Z,451-1-1-01,,device_not_recording
1687387260000,2023-06-21T22:41:00Z,451-1-1-01,,device_not_recording
1687387320000,2023-06-21T22:42:00Z,451-1-1-01,,device_not_recording
1687387380000,2023-06-21T22:43:00Z,451-1-1-01,,device_not_recording
1687387440000,2023-06-21T22:44:00Z,451-1-1-01,,device_not_recording
1687387500000,2023-06-21T22:45:00Z,451-1-1-01,,device_not_recording
1687387560000,2023-06-21T22:46:00Z,451-1-1-01,,device_not_recording
1687387620000,2023-06-21T22:47:00Z,451-1-1-01,,device_not_recording
1687387680000,2023-06-21T22:48:00Z,451-1-1-01,,device_not_recording
1687387740000,2023-06-21T22:49:00Z,451-1-1-01,,device_not_recording
1687387800000,2023-06-21T22:50:00Z,451-1-1-01,,device_not_recording
1687387860000,2023-06-21T22:51:00Z,451-1-1-01,,device_not_recording
1687387920000,2023-06-21T22:52:00Z,451-1-1-01,,device_not_recording
1687387980000,2023-06-21T22:53:00Z,451-1-1-01,,device_not_recording
1687388040000,2023-06-21T22:54:00Z,451-1-1-01,,device_not_recording
1687388100000,2023-06-21T22:55:00Z,451-1-1-01,,device_not_recording
1687388160000,2023-06-21T22:56:00Z,451-1-1-01,,device_not_recording
1687388220000,2023-06-21T22:57:00Z,451-1-1-01,,device_not_recording
1687388280000,2023-06-21T22:58:00Z,451-1-1-01,,device_not_recording
1687388340000,2023-06-21T22:59:00Z,451-1-1-01,,device_not_recording
1687388400000,2023-06-21T23:00:00Z,451-1-1-01,,device_not_recording
1687388460000,2023-06-21T23:01:00Z,451-1-1-01,,device_not_recording
1687388520000,2023-06-21T23:02:00Z,451-1-1-01,,device_not_recording
1687388580000,2023-06-21T23:03:00Z,451-1-1-01,,device_not_recording
1687388640000,2023-06-21T23:04:00Z,451-1-1-01,,device_not_recording
1687388700000,2023-06-21T23:05:00Z,451-1-1-01,,device_not_recording
1687388760000,2023-06-21T23:06:00Z,451-1-1-01,,device_not_recording
1687388820000,2023-06-21T23:07:00Z,451-1-1-01,,device_not_recording
1687388880000,2023-06-21T23:08:00Z,451-1-1-01,,device_not_recording
1687388940000,2023-06-21T23:09:00Z,451-1-1-01,,device_not_recording
1687389000000,2023-06-21T23:10:00Z,451-1-1-01,,device_not_recording
1687389060000,2023-06-21T23:11:00Z,451-1-1-01,,device_not_recording
1687389120000,2023-06-21T23:12:00Z,451-1-1-01,,device_not_recording
1687389180000,2023-06-21T23:13:00Z,451-1-1-01,,device_not_recording
1687389240000,2023-06-21T23:14:00Z,451-1-1-01,,device_not_recording
1687389300000,2023-06-21T23:15:00Z,451-1-1-01,,device_not_recording
1687389360000,2023-06-21T23:16:00Z,451-1-1-01,,device_not_recording
1687389420000,2023-06-21T23:17:00Z,451-1-1-01,,device_not_recording
1687389480000,2023-06-21T23:18:00Z,451-1-1-01,,device_not_recording
1687389540000,2023-06-21T23:19:00Z,451-1-1-01,,device_not_recording
1687389600000,2023-06-21T23:20:00Z,451-1-1-01,,device_not_recording
1687389660000,2023-06-21T23:21:00Z,451-1-1-01,,device_not_recording
1687389720000,2023-06-21T23:22:00Z,451-1-1-01,,device_not_recording
1687389780000,2023-06-21T23:23:00Z,451-1-1-01,,device_not_recording
1687389840000,2023-06-21T23:24:00Z,451-1-1-01,,device_not_recording
1687389900000,2023-06-21T23:25:00Z,451-1-1-01,,device_not_recording
1687389960000,2023-06-21T23:26:00Z,451-1-1-01,,device_not_recording
1687390020000,2023-06-21T23:27:00Z,451-1-1-01,,device_not_recording
1687390080000,2023-06-21T23:28:00Z,451-1-1-01,,device_not_recording
1687390140000,2023-06-21T23:29:00Z,451-1-1-01,,device_not_recording
1687390200000,2023-06-21T23:30:00Z,451-1-1-01,,device_not_recording
1687390260000,2023-06-21T23:31:00Z,451-1-1-01,,device_not_recording
1687390320000,2023-06-21T23:32:00Z,451-1-1-01,,device_not_recording
1687390380000,2023-06-21T23:33:00Z,451-1-1-01,,device_not_recording
1687390440000,2023-06-21T23:34:00Z,451-1-1-01,,device_not_recording
1687390500000,2023-06-21T23:35:00Z,451-1-1-01,,device_not_recording
1687390560000,2023-06-21T23:36:00Z,451-1-1-01,,device_not_recording
1687390620000,2023-06-21T23:37:00Z,451-1-1-01,,device_not_recording
1687390680000,2023-06-21T23:38:00Z,451-1-1-01,,device_not_recording
1687390740000,2023-06-21T23:39:00Z,451-1-1-01,,device_not_recording
1687390800000,2023-06-21T23:40:00Z,451-1-1-01,,device_not_recording
1687390860000,2023-06-21T23:41:00Z,451-1-1-01,,device_not_recording
1687390920000,2023-06-21T23:42:00Z,451-1-1-01,,device_not_recording
1687390980000,2023-06-21T23:43:00Z,451-1-1-01,,device_not_recording
1687391040000,2023-06-21T23:44:00Z,451-1-1-01,,device_not_recording
1687391100000,2023-06-21T23:45:00Z,451-1-1-01,,device_not_recording
1687391160000,2023-06-21T23:46:00Z,451-1-1-01,,device_not_recording
1687391220000,2023-06-21T23:47:00Z,451-1-1-01,,device_not_recording
1687391280000,2023-06-21T23:48:00Z,451-1-1-01,,device_not_recording
1687391340000,2023-06-21T23:49:00Z,451-1-1-01,,device_not_recording
1687391400000,2023-06-21T23:50:00Z,451-1-1-01,,device_not_recording
1687391460000,2023-06-21T23:51:00Z,451-1-1-01,,device_not_recording
1687391520000,2023-06-21T23:52:00Z,451-1-1-01,,device_not_recording
1687391580000,2023-06-21T23:53:00Z,451-1-1-01,,device_not_recording
1687391640000,2023-06-21T23:54:00Z,451-1-1-01,,device_not_recording
1687391700000,2023-06-21T23:55:00Z,451-1-1-01,,device_not_recording
1687391760000,2023-06-21T23:56:00Z,451-1-1-01,,device_not_recording
1687391820000,2023-06-21T23:57:00Z,451-1-1-01,,device_not_recording
1687391880000,2023-06-21T23:58:00Z,451-1-1-01,,device_not_recording
1687391940000,2023-06-21T23:59:00Z,451-1-1-01,,device_not_recording
